ID,Species,Diameter,Deployment,Retrieval,Age,Chlorophyll.a,Chlorophyll.c,Fucoxanthin,Carotenoids,Antenna,Total
d1,Laminaria digitata,NA,NA,NA,0,1188.566736,50.15146783,1006.182257,0,0.888745825,2244.900461
d1,Laminaria digitata,NA,NA,NA,0,1336.099777,55.04336692,1142.03801,0,0.895952082,2533.181154
d1,Laminaria digitata,NA,NA,NA,0,1345.560707,56.01306555,1138.627582,0,0.887838536,2540.201355
d2,Laminaria digitata,NA,NA,NA,0,1263.12431,53.01200314,1144.896531,9.613004739,0.948369471,2470.645849
d2,Laminaria digitata,NA,NA,NA,0,1238.055935,53.9786686,1119.965971,6.836402102,0.948216156,2418.836977
d2,Laminaria digitata,NA,NA,NA,0,1232.677696,52.74092574,1117.760081,8.975391905,0.949559654,2412.154095
d3,Laminaria digitata,NA,NA,NA,0,1170.216029,40.72590309,985.5443424,0,0.876992128,2196.486274
d3,Laminaria digitata,NA,NA,NA,0,1129.418312,39.56382728,957.3659038,0,0.882693082,2126.348043
d3,Laminaria digitata,NA,NA,NA,0,1123.095221,39.553561,950.5321925,0,0.881568842,2113.180975
d4,Laminaria digitata,NA,NA,NA,0,1027.397947,10.89870555,904.1757243,0,0.89067185,1942.472377
d4,Laminaria digitata,NA,NA,NA,0,992.4987168,13.50198086,860.7216702,0,0.880831014,1866.722368
d4,Laminaria digitata,NA,NA,NA,0,1023.981973,14.265941,881.2051606,0,0.874498893,1919.453075
d5,Laminaria digitata,NA,NA,NA,0,1229.424643,50.84184425,1075.20559,1.031436033,0.915914156,2356.503513
d5,Laminaria digitata,NA,NA,NA,0,1221.973466,50.11986991,1066.560956,5.767578747,0.913833939,2344.421871
d5,Laminaria digitata,NA,NA,NA,0,1218.684114,46.59906039,1063.694566,5.875850156,0.911059407,2334.853591
d6,Laminaria digitata,NA,NA,NA,0,1250.243409,58.46521515,1079.902093,22.98225851,0.910516544,2411.592976
d6,Laminaria digitata,NA,NA,NA,0,1246.451216,60.29238111,1065.13035,32.72677827,0.902901547,2404.600725
d6,Laminaria digitata,NA,NA,NA,0,1257.752744,66.84501161,1089.205579,16.4956539,0.919139788,2430.298989
d7,Laminaria digitata,NA,NA,NA,0,1294.849366,47.76442562,1104.435765,0,0.889833382,2447.049557
d7,Laminaria digitata,NA,NA,NA,0,1225.626891,44.99170118,1050.881549,0,0.894132838,2321.500141
d7,Laminaria digitata,NA,NA,NA,0,1271.558103,48.32623511,1082.149842,0,0.889047913,2402.03418
d8,Laminaria digitata,NA,NA,NA,0,1327.073611,25.60921855,1202.464207,0,0.925399628,2555.147037
d8,Laminaria digitata,NA,NA,NA,0,1271.072866,25.16560901,1156.572205,0,0.929716813,2452.81068
d8,Laminaria digitata,NA,NA,NA,0,1278.44221,25.11535188,1170.429479,0,0.935157508,2473.987041
d9,Laminaria digitata,NA,NA,NA,0,1364.073285,53.96679038,1127.361487,0,0.86602992,2545.401562
d9,Laminaria digitata,NA,NA,NA,0,1349.080449,53.76870329,1095.584015,0,0.851952691,2498.433167
d9,Laminaria digitata,NA,NA,NA,0,1375.539188,54.28010979,1134.969029,0,0.864569435,2564.788327
d10,Laminaria digitata,NA,NA,NA,0,1340.000811,52.35126673,1130.192704,0,0.882494966,2522.544782
d10,Laminaria digitata,NA,NA,NA,0,1532.333206,69.94944817,1300.067629,0,0.894072563,2902.350283
d10,Laminaria digitata,NA,NA,NA,0,1565.812488,67.97168611,1311.826297,0,0.881202567,2945.610471
d11,Laminaria digitata,NA,NA,NA,0,1393.394298,66.62967409,1124.200329,30.79954818,0.854625288,2615.023849
d11,Laminaria digitata,NA,NA,NA,0,1503.584449,73.66181765,1204.079639,34.76278916,0.849796935,2816.088695
d11,Laminaria digitata,NA,NA,NA,0,1459.377461,70.62724503,1181.547524,26.5439174,0.858019808,2738.096147
d12,Laminaria digitata,NA,NA,NA,0,1303.024579,44.18181366,1058.76644,38.98140861,0.846452378,2444.954241
d12,Laminaria digitata,NA,NA,NA,0,1364.141926,44.8289667,1104.814134,40.86630151,0.842759158,2554.651328
d12,Laminaria digitata,NA,NA,NA,0,1411.105166,38.31973132,1106.755183,39.54573236,0.811473831,2595.725813
d13,Laminaria digitata,NA,NA,NA,0,1551.888903,30.95508425,1167.652189,29.7443473,0.772353788,2780.240524
d13,Laminaria digitata,NA,NA,NA,0,1481.175223,50.20928304,1166.959607,39.98781413,0.821758878,2738.331927
d13,Laminaria digitata,NA,NA,NA,0,1544.617544,32.37594953,1188.83571,31.2321381,0.790623973,2797.061342
d14,Laminaria digitata,NA,NA,NA,0,1035.466659,12.80159391,774.3173499,0.503820516,0.760158656,1823.089423
d14,Laminaria digitata,NA,NA,NA,0,1034.070611,11.26024242,755.0563396,4.869203166,0.741067944,1805.256396
d14,Laminaria digitata,NA,NA,NA,0,1035.605715,9.600662436,769.4916333,4.614559719,0.752305906,1819.31257
d15,Laminaria digitata,NA,NA,NA,0,952.1606408,30.01447259,790.1061433,1.503321171,0.861325895,1773.784578
d15,Laminaria digitata,NA,NA,NA,0,957.8189056,34.49467443,815.5689161,0,0.887499282,1807.882496
d15,Laminaria digitata,NA,NA,NA,0,956.8475072,33.39013483,818.2867305,0,0.890086308,1808.524373
d16,Laminaria digitata,NA,NA,NA,0,1065.4361,46.38485054,889.3764459,2.423126633,0.87828946,2003.620523
d16,Laminaria digitata,NA,NA,NA,0,1100.990585,44.80770791,890.9320263,7.384729216,0.849907117,2044.115048
d16,Laminaria digitata,NA,NA,NA,0,1120.962759,41.35542534,887.6140693,5.805083253,0.828724672,2055.737337
d17,Laminaria digitata,NA,NA,NA,0,1136.908457,2.980768835,847.0269729,18.8333369,0.747648359,2005.749536
d17,Laminaria digitata,NA,NA,NA,0,1047.499096,23.32106535,876.7706212,16.89549505,0.859276815,1964.486278
d17,Laminaria digitata,NA,NA,NA,0,1122.948618,0.970727473,819.7563998,21.14282885,0.730867926,1964.818574
d18,Laminaria digitata,NA,NA,NA,0,583.7601707,24.99861377,398.4728946,0,0.725420352,1007.231679
d18,Laminaria digitata,NA,NA,NA,0,589.2778173,26.45521178,396.6383282,0,0.717986538,1012.371357
d18,Laminaria digitata,NA,NA,NA,0,594.760777,25.6830949,400.1247505,0,0.715931282,1020.568622
d19,Laminaria digitata,NA,NA,NA,0,462.890571,14.29280845,305.2502836,0,0.690321022,782.4336631
d19,Laminaria digitata,NA,NA,NA,0,502.4814946,5.2231739,320.0124523,0,0.647258913,827.7171208
d19,Laminaria digitata,NA,NA,NA,0,510.6720291,5.7441671,323.6799268,0,0.645079572,840.096123
d20,Laminaria digitata,NA,NA,NA,0,523.4435307,6.803777027,332.0785843,0,0.647409589,862.325892
d20,Laminaria digitata,NA,NA,NA,0,515.1966297,14.95523132,329.2663224,0.187791689,0.668136269,859.6059751
d20,Laminaria digitata,NA,NA,NA,0,517.5457748,13.8660353,345.4222234,0,0.694215422,876.8340335
d21,Laminaria digitata,NA,NA,NA,0,573.9128321,14.67545292,386.75583,0,0.699463857,975.344115
d21,Laminaria digitata,NA,NA,NA,0,570.5961989,10.92515685,378.1915498,0,0.681947597,959.7129056
d21,Laminaria digitata,NA,NA,NA,0,561.630974,18.5817187,373.7537415,0,0.698564499,953.9664342
d22,Laminaria digitata,NA,NA,NA,0,464.4660047,10.80030885,348.8643375,0,0.774361617,824.1306511
d22,Laminaria digitata,NA,NA,NA,0,463.5832577,13.92783776,352.6476789,0,0.790743649,830.1587744
d22,Laminaria digitata,NA,NA,NA,0,463.6498565,14.99081508,345.668769,0,0.777870583,824.3094406
d23,Laminaria digitata,NA,NA,NA,0,522.0049799,10.64190365,402.0488984,0,0.790587864,934.695782
d23,Laminaria digitata,NA,NA,NA,0,542.3924012,0,377.9072488,0,0.696741414,920.29965
d23,Laminaria digitata,NA,NA,NA,0,567.8403815,0,341.8866302,11.98159414,0.602082278,931.2210844
d24,Laminaria digitata,NA,NA,NA,0,520.930524,21.55327358,406.9070576,0,0.822490354,949.3908552
d24,Laminaria digitata,NA,NA,NA,0,523.4092071,22.15877465,407.3800451,0,0.820655835,952.9480269
d24,Laminaria digitata,NA,NA,NA,0,522.5132887,22.58060813,403.6056479,0,0.815646731,948.6995447
d25,Laminaria digitata,NA,NA,NA,0,1288.51567,54.51224849,863.9384806,0,0.712797485,2206.966399
d25,Laminaria digitata,NA,NA,NA,0,1266.1126,56.95699167,834.9788317,0,0.70446801,2158.048423
d25,Laminaria digitata,NA,NA,NA,0,1281.651859,57.73248726,853.3168668,0,0.710839958,2192.701213
h1,Laminaria hyperborea,NA,NA,NA,0,768.1427486,22.72317113,716.1431235,0,0.961886701,1507.009043
h1,Laminaria hyperborea,NA,NA,NA,0,778.668247,22.98036168,729.819331,0,0.966778465,1531.46794
h1,Laminaria hyperborea,NA,NA,NA,0,787.0291776,24.98764394,725.0592699,0,0.953010302,1537.076091
h2,Laminaria hyperborea,NA,NA,NA,0,935.6913836,39.26647979,839.5736335,0,0.93924143,1814.531497
h2,Laminaria hyperborea,NA,NA,NA,0,941.8170332,39.38732494,836.9287568,0,0.930452573,1818.133115
h2,Laminaria hyperborea,NA,NA,NA,0,929.5884807,38.53318374,828.4464317,0,0.932648837,1796.568096
h3,Laminaria hyperborea,NA,NA,NA,0,1043.400271,37.59887322,934.1315896,0,0.9313113,2015.130734
h3,Laminaria hyperborea,NA,NA,NA,0,1036.256943,38.11297334,942.0707203,0,0.945888662,2016.440637
h3,Laminaria hyperborea,NA,NA,NA,0,1036.391218,37.18796924,930.3923106,0,0.933605248,2003.971498
h4,Laminaria hyperborea,NA,NA,NA,0,947.9209181,23.40009546,890.6714965,0,0.964290981,1861.99251
h4,Laminaria hyperborea,NA,NA,NA,0,918.1861215,25.05273296,854.9363601,0,0.958399471,1798.175215
h4,Laminaria hyperborea,NA,NA,NA,0,938.6824046,25.8432148,878.2525131,0,0.963154016,1842.778133
h5,Laminaria hyperborea,NA,NA,NA,0,1114.353621,41.80719181,978.396053,0,0.915511222,2134.556866
h5,Laminaria hyperborea,NA,NA,NA,0,1136.929135,42.59101884,991.5001178,0,0.909547574,2171.020272
h5,Laminaria hyperborea,NA,NA,NA,0,1139.434969,42.50329263,993.0482875,0,0.908829032,2174.986549
h6,Laminaria hyperborea,NA,NA,NA,0,1082.732691,34.66501753,917.2541216,0,0.879182043,2034.65183
h6,Laminaria hyperborea,NA,NA,NA,0,1075.743125,35.25961742,918.6804042,0,0.886773059,2029.683147
h6,Laminaria hyperborea,NA,NA,NA,0,1068.557043,35.97949966,899.3592822,0,0.875328826,2003.895825
h7,Laminaria hyperborea,NA,NA,NA,0,975.1807487,30.80718958,918.4118042,0,0.973377494,1924.399742
h7,Laminaria hyperborea,NA,NA,NA,0,996.027469,32.67084922,925.4283209,0,0.961920429,1954.126639
h7,Laminaria hyperborea,NA,NA,NA,0,1002.074131,31.24489841,939.9627954,0,0.969197451,1973.281825
h8,Laminaria hyperborea,NA,NA,NA,0,811.1620194,22.36248693,788.819658,0,1.000024811,1622.344164
h8,Laminaria hyperborea,NA,NA,NA,0,798.1000201,20.9066678,779.8991845,0,1.003390342,1598.905872
h8,Laminaria hyperborea,NA,NA,NA,0,801.2045247,23.50600134,777.6857451,0,0.999984051,1602.396271
h9,Laminaria hyperborea,NA,NA,NA,0,885.1385893,28.92506327,850.0372337,0,0.993022231,1764.100886
h9,Laminaria hyperborea,NA,NA,NA,0,886.2293377,29.59682341,852.6540797,0,0.99551083,1768.480241
h9,Laminaria hyperborea,NA,NA,NA,0,890.7032257,31.14577282,847.0762868,0,0.98598729,1768.925285
h10,Laminaria hyperborea,NA,NA,NA,0,1158.046715,55.55601933,979.8589266,0,0.894104644,2193.461661
h10,Laminaria hyperborea,NA,NA,NA,0,1142.440676,55.69634918,968.8452315,0,0.896800685,2166.982257
h10,Laminaria hyperborea,NA,NA,NA,0,1161.179441,59.29656245,982.3293993,0,0.89704134,2202.805403
h11,Laminaria hyperborea,NA,NA,NA,0,533.1875696,20.54632331,427.9137274,22.05549737,0.841092472,1003.703118
h11,Laminaria hyperborea,NA,NA,NA,0,543.3341974,15.07231416,418.2197481,18.38324433,0.797468785,995.009504
h11,Laminaria hyperborea,NA,NA,NA,0,563.0920556,10.17018222,409.6189303,18.87405481,0.745507077,1001.755223
h12,Laminaria hyperborea,NA,NA,NA,0,657.4719072,33.14583773,541.0553747,25.37694804,0.873347144,1257.050068
h12,Laminaria hyperborea,NA,NA,NA,0,662.9113513,32.60332972,553.8825187,25.78613593,0.884712333,1275.183336
h12,Laminaria hyperborea,NA,NA,NA,0,653.3150381,32.01057934,542.3382951,23.5832289,0.879130038,1251.247141
h13,Laminaria hyperborea,NA,NA,NA,0,760.7030672,41.7801445,599.6335818,40.04585494,0.843185408,1442.162648
h13,Laminaria hyperborea,NA,NA,NA,0,811.8766891,29.15761241,580.1673054,39.5052469,0.750514119,1460.706854
h13,Laminaria hyperborea,NA,NA,NA,0,806.7990018,33.35037396,594.3598836,37.27368712,0.778025575,1471.782946
h14,Laminaria hyperborea,NA,NA,NA,0,643.0425425,33.50806993,479.0517143,28.87741733,0.797085341,1184.479744
h14,Laminaria hyperborea,NA,NA,NA,0,650.165439,27.78269043,465.5374466,27.4436742,0.758760936,1170.92925
h14,Laminaria hyperborea,NA,NA,NA,0,631.2268648,34.34374801,480.153703,26.04914936,0.815075339,1171.773465
h15,Laminaria hyperborea,NA,NA,NA,0,552.2403125,28.00584399,435.2995604,20.03605592,0.838956146,1035.581773
h15,Laminaria hyperborea,NA,NA,NA,0,548.167166,27.73434506,433.2431661,17.19827646,0.84094331,1026.342954
h15,Laminaria hyperborea,NA,NA,NA,0,537.0078408,29.71988562,434.8822951,15.69188057,0.865168337,1017.301902
h16,Laminaria hyperborea,NA,NA,NA,0,569.6493887,31.32078731,415.8469912,24.90449281,0.784987726,1041.72166
h16,Laminaria hyperborea,NA,NA,NA,0,563.7489323,31.39225789,418.093404,26.57948428,0.797315323,1039.814078
h16,Laminaria hyperborea,NA,NA,NA,0,560.7334995,33.02115269,414.5030322,23.98149966,0.798104956,1032.239184
h17,Laminaria hyperborea,NA,NA,NA,0,649.9295557,37.60285435,513.097582,35.25483379,0.84732327,1235.884826
h17,Laminaria hyperborea,NA,NA,NA,0,631.893903,24.85237779,455.4770955,31.80247196,0.760142598,1144.025848
h17,Laminaria hyperborea,NA,NA,NA,0,698.5399997,13.83593446,419.694741,38.45372409,0.620623981,1170.524399
h18,Laminaria hyperborea,NA,NA,NA,0,301.5075428,9.293031076,269.2664016,8.857671476,0.923888769,588.924647
h18,Laminaria hyperborea,NA,NA,NA,0,301.96726,9.26050799,277.3398257,7.765699662,0.949110621,596.3332934
h18,Laminaria hyperborea,NA,NA,NA,0,298.4382338,9.627778978,271.7921023,7.017325131,0.942975294,586.8754402
h19,Laminaria hyperborea,NA,NA,NA,0,272.0595385,3.08315897,294.7035656,0,1.094564544,569.8462631
h19,Laminaria hyperborea,NA,NA,NA,0,282.1750098,0,255.8193944,6.56430934,0.906598336,589.6740654
h19,Laminaria hyperborea,NA,NA,NA,0,288.2220715,0,250.8902333,6.232314484,0.870475436,605.9211266
h20,Laminaria hyperborea,NA,NA,NA,0,297.3925971,2.60662155,237.0180618,12.36176108,0.805752012,549.3790415
h20,Laminaria hyperborea,NA,NA,NA,0,295.4279841,6.284338062,236.0126199,8.084911923,0.820155744,545.809854
h20,Laminaria hyperborea,NA,NA,NA,0,291.2778931,5.267896622,244.9972846,9.153060674,0.859197307,550.696135
h21,Laminaria hyperborea,NA,NA,NA,0,336.2487472,6.883279788,287.4409104,5.222943063,0.875316838,635.7958805
h21,Laminaria hyperborea,NA,NA,NA,0,360.2171911,6.664470931,315.2998504,5.587790431,0.893806096,687.7693029
h21,Laminaria hyperborea,NA,NA,NA,0,341.1779937,7.47033441,289.5791505,6.888654857,0.870658396,645.1161335
h22,Laminaria hyperborea,NA,NA,NA,0,483.6438808,6.922878663,417.5487294,3.225672803,0.877653217,911.3411617
h22,Laminaria hyperborea,NA,NA,NA,0,459.3653614,12.7943429,429.3018436,0.10516921,0.96240645,901.5667171
h22,Laminaria hyperborea,NA,NA,NA,0,461.0642299,12.12623728,437.4039697,0,0.974983913,910.5944369
h23,Laminaria hyperborea,NA,NA,NA,0,253.2942811,6.184945209,236.400935,4.668637919,0.957723479,500.5487992
h23,Laminaria hyperborea,NA,NA,NA,0,270.8001935,1.383114802,203.9013598,12.0429256,0.758066204,488.1275937
h23,Laminaria hyperborea,NA,NA,NA,0,274.9115057,2.44805238,222.0303791,5.990628335,0.816547968,505.3805655
h24,Laminaria hyperborea,NA,NA,NA,0,243.21015,0.336879619,243.6997083,3.318475556,1.00339804,490.5652135
h24,Laminaria hyperborea,NA,NA,NA,0,248.559717,0,235.6471589,4.873261422,0.94805048,520.5903489
h24,Laminaria hyperborea,NA,NA,NA,0,252.3592769,1.324657981,234.2751135,7.049708726,0.933588709,495.0087571
h25,Laminaria hyperborea,NA,NA,NA,0,434.8158096,23.76623796,329.4421165,26.52152783,0.812317185,814.5456919
h25,Laminaria hyperborea,NA,NA,NA,0,435.6559283,23.37273844,331.9810734,26.08958519,0.815675373,817.0993253
h25,Laminaria hyperborea,NA,NA,NA,0,436.7972442,23.94666097,329.6554457,26.0031868,0.80953374,816.4025377
l1,Saccharina latissima,NA,NA,NA,0,571.3133461,95.0956816,572.0976198,60.76931383,1.167823762,1558.861978
l1,Saccharina latissima,NA,NA,NA,0,568.0119623,93.67909202,572.4655724,61.28291896,1.172765203,1554.154359
l1,Saccharina latissima,NA,NA,NA,0,560.8445604,93.20979042,581.1086037,56.06650295,1.202326708,1554.924052
l2,Saccharina latissima,NA,NA,NA,0,517.3965945,74.03290158,486.5626207,60.00844365,1.083492872,1304.954679
l2,Saccharina latissima,NA,NA,NA,0,520.8085976,74.52693866,496.9050502,62.6826368,1.097201528,1325.227294
l2,Saccharina latissima,NA,NA,NA,0,520.6524986,75.16218107,500.4496395,62.38206927,1.105558548,1331.819833
l3,Saccharina latissima,NA,NA,NA,0,622.7889938,68.86186876,577.0630914,59.70385664,1.037148965,1487.186676
l3,Saccharina latissima,NA,NA,NA,0,604.9403523,68.25084892,576.0694401,56.8677014,1.065097223,1468.758381
l3,Saccharina latissima,NA,NA,NA,0,612.009191,70.95795366,568.5001527,56.24284029,1.044850495,1467.417906
l4,Saccharina latissima,NA,NA,NA,0,670.5094078,68.85854372,590.2850308,56.74904773,0.983048958,1562.654473
l4,Saccharina latissima,NA,NA,NA,0,693.2606712,72.94318413,617.3836905,56.29311915,0.995768119,1629.349604
l4,Saccharina latissima,NA,NA,NA,0,697.4804935,75.00567138,620.3602126,54.80025929,0.996968217,1639.885955
l5,Saccharina latissima,NA,NA,NA,0,453.924077,69.02435475,481.601688,52.15791384,1.213035551,1241.205853
l5,Saccharina latissima,NA,NA,NA,0,444.4505347,69.0256052,475.285652,52.45695706,1.224683547,1224.904566
l5,Saccharina latissima,NA,NA,NA,0,452.4181132,68.95428183,485.0564815,51.45152812,1.224554781,1242.736946
l6,Saccharina latissima,NA,NA,NA,0,676.2822662,73.46872954,639.8569233,59.77497647,1.054775038,1628.524353
l6,Saccharina latissima,NA,NA,NA,0,678.2206084,78.48142968,646.3974124,62.82605727,1.068795069,1658.303728
l6,Saccharina latissima,NA,NA,NA,0,667.8032948,76.93169179,622.9705436,58.45202903,1.04806646,1603.813318
l7,Saccharina latissima,NA,NA,NA,0,722.0124207,70.90360606,642.7646221,62.34472538,0.988443145,1672.262623
l7,Saccharina latissima,NA,NA,NA,0,758.6990196,73.33279064,668.79914,64.35174922,0.978163819,1747.168053
l7,Saccharina latissima,NA,NA,NA,0,778.0233986,77.80261038,670.2398514,74.57807574,0.96146525,1786.464431
l8,Saccharina latissima,NA,NA,NA,0,531.4836725,85.98579838,554.9763173,61.73699126,1.205986466,1484.143683
l8,Saccharina latissima,NA,NA,NA,0,513.5915095,83.95136662,534.1784792,61.09066168,1.203543739,1435.456084
l8,Saccharina latissima,NA,NA,NA,0,534.8034292,85.87152393,557.8486479,58.4545793,1.203657525,1481.694383
l9,Saccharina latissima,NA,NA,NA,0,905.2331941,121.392533,786.5676057,95.86740436,1.003012422,2216.123196
l9,Saccharina latissima,NA,NA,NA,0,900.3019567,123.2987994,816.1834511,93.9020467,1.043519059,2264.489124
l9,Saccharina latissima,NA,NA,NA,0,880.4046282,120.1045285,770.5105233,90.43742488,1.011597422,2168.694767
l10,Saccharina latissima,NA,NA,NA,0,499.2041718,74.07835033,525.8457972,56.45981692,1.201761086,1391.899666
l10,Saccharina latissima,NA,NA,NA,0,488.1626806,74.35566369,503.5360726,58.5864583,1.183809741,1359.17098
l10,Saccharina latissima,NA,NA,NA,0,504.4988379,77.06789232,518.5610104,57.23925673,1.180634836,1397.900284
l11,Saccharina latissima,NA,NA,NA,0,853.9163863,45.70660005,643.1504503,57.8914177,0.806703164,1669.78441
l11,Saccharina latissima,NA,NA,NA,0,832.7591838,45.17307828,636.3556018,54.77580765,0.818398276,1607.961813
l11,Saccharina latissima,NA,NA,NA,0,844.4990447,46.13626993,635.5007234,58.82031666,0.807149514,1639.550782
l12,Saccharina latissima,NA,NA,NA,0,911.4595379,45.67802643,769.7633617,47.48876094,0.894654512,1774.389687
l12,Saccharina latissima,NA,NA,NA,0,950.6122129,41.14714032,748.2447477,65.75042209,0.830403689,1832.745949
l12,Saccharina latissima,NA,NA,NA,0,982.3373742,41.71331793,739.8729062,63.62314056,0.795639303,1861.535001
l13,Saccharina latissima,NA,NA,NA,0,753.708116,40.17893965,595.2826955,44.49479982,0.843113696,1542.313818
l13,Saccharina latissima,NA,NA,NA,0,673.3596322,41.52788453,552.0221715,47.34257193,0.881475556,1394.574055
l13,Saccharina latissima,NA,NA,NA,0,672.2899088,39.12590191,531.1532293,48.73062299,0.848263708,1408.841222
l14,Saccharina latissima,NA,NA,NA,0,372.321801,42.89562473,311.2512698,32.55259162,0.951184952,884.6398993
l14,Saccharina latissima,NA,NA,NA,0,364.7309769,43.53682981,306.6183833,30.13309354,0.960036946,871.7741293
l14,Saccharina latissima,NA,NA,NA,0,365.5017533,44.03660327,304.1262574,30.76481181,0.952561397,884.3378388
l15,Saccharina latissima,NA,NA,NA,0,798.192939,57.3706273,701.0883674,26.68127107,0.950220126,1583.333205
l15,Saccharina latissima,NA,NA,NA,0,817.4155211,50.23920826,674.4397165,38.51699897,0.886549015,1580.611445
l15,Saccharina latissima,NA,NA,NA,0,864.2272799,44.65731652,628.9990794,57.22777147,0.779489854,1595.111447
l16,Saccharina latissima,NA,NA,NA,0,866.1694594,66.48398584,711.8521932,50.80421418,0.898595732,1695.309853
l16,Saccharina latissima,NA,NA,NA,0,873.073154,68.60504977,746.057376,42.2536953,0.933097555,1729.989275
l16,Saccharina latissima,NA,NA,NA,0,854.245668,68.34172572,719.7915735,48.56642368,0.922607312,1690.945391
l17,Saccharina latissima,NA,NA,NA,0,848.4979161,51.42982903,680.9238831,38.05482612,0.863117868,1618.906454
l17,Saccharina latissima,NA,NA,NA,0,845.5538864,51.16003619,676.73137,39.66772092,0.860845675,1613.113014
l17,Saccharina latissima,NA,NA,NA,0,841.5362654,52.15045659,687.3560694,31.51690109,0.878757763,1612.559692
l18,Saccharina latissima,NA,NA,NA,0,452.041486,13.80157653,387.1581519,7.124157995,0.886997634,860.1253724
l18,Saccharina latissima,NA,NA,NA,0,450.6746367,16.04482437,412.2222458,2.557059558,0.950279948,881.4987664
l18,Saccharina latissima,NA,NA,NA,0,470.9344011,9.680534775,395.2517259,11.79520974,0.859848547,887.6618715
l19,Saccharina latissima,NA,NA,NA,0,614.8096772,37.59936053,489.3382554,11.68902097,0.857074369,1153.436314
l19,Saccharina latissima,NA,NA,NA,0,609.8039835,36.54292568,485.040117,10.48734884,0.855329018,1141.874375
l19,Saccharina latissima,NA,NA,NA,0,611.4481373,37.7052103,488.4773046,9.578965637,0.860551342,1147.209618
l20,Saccharina latissima,NA,NA,NA,0,718.4140761,11.44924659,554.8894693,31.88062694,0.788317956,1321.061244
l20,Saccharina latissima,NA,NA,NA,0,728.9238912,12.0852132,574.7109033,30.66325222,0.80501699,1346.38326
l20,Saccharina latissima,NA,NA,NA,0,739.1433632,16.62754309,560.4293912,32.89720751,0.780710432,1349.097505
l21,Saccharina latissima,NA,NA,NA,0,537.0934561,21.79566804,431.6679996,8.190694797,0.844291924,998.7478185
l21,Saccharina latissima,NA,NA,NA,0,524.7884983,21.01954497,420.5757436,7.257619303,0.841472879,973.6414062
l21,Saccharina latissima,NA,NA,NA,0,527.1040499,21.31702728,424.3948928,6.984237433,0.845586218,979.8002074
l22,Saccharina latissima,NA,NA,NA,0,752.2028061,45.93175336,691.8180009,12.31349165,0.980785698,1502.266052
l22,Saccharina latissima,NA,NA,NA,0,753.3373755,48.24813967,674.1515877,16.44348079,0.958932546,1492.180584
l22,Saccharina latissima,NA,NA,NA,0,751.1463043,46.71763326,688.0525976,12.36590019,0.978198557,1498.282435
l23,Saccharina latissima,NA,NA,NA,0,515.790463,19.47860958,440.6409568,13.57457962,0.892066836,989.484609
l23,Saccharina latissima,NA,NA,NA,0,616.9666929,15.99103948,485.5605148,21.61487839,0.81293133,1140.133126
l23,Saccharina latissima,NA,NA,NA,0,647.5460388,8.439184691,456.9928367,28.06857557,0.718762827,1169.376812
l24,Saccharina latissima,NA,NA,NA,0,556.0844346,33.04892562,472.5552453,10.11382907,0.909221944,1071.802435
l24,Saccharina latissima,NA,NA,NA,0,543.1301959,30.92845404,469.1662857,10.06693042,0.920764015,1053.291866
l24,Saccharina latissima,NA,NA,NA,0,549.0666408,31.83891566,471.0867568,9.147717807,0.915964721,1061.140031
l25,Saccharina latissima,NA,NA,NA,0,529.860197,27.05950278,510.1359066,6.994253922,1.013843675,1074.04986
l25,Saccharina latissima,NA,NA,NA,0,540.0531494,26.0433956,527.255298,6.281550793,1.024526372,1099.633394
l25,Saccharina latissima,NA,NA,NA,0,512.1914096,27.3306365,488.874683,2.787511441,1.007836738,1031.184241
p1,Saccorhiza polyschides,NA,NA,NA,0,1954.814701,243.4723856,1590.14246,270.2296626,0.937999312,4367.257174
p1,Saccorhiza polyschides,NA,NA,NA,0,1934.866685,261.7904017,1525.199359,307.7578176,0.923572551,4368.926251
p1,Saccorhiza polyschides,NA,NA,NA,0,2074.521831,228.9841149,1697.828412,196.2014743,0.928798385,4425.604349
p2,Saccorhiza polyschides,NA,NA,NA,0,2669.347723,202.5136893,2009.178389,69.70477762,0.828551507,4950.744579
p2,Saccorhiza polyschides,NA,NA,NA,0,2661.036531,207.3485474,1965.735243,75.10905809,0.816630574,4909.229379
p2,Saccorhiza polyschides,NA,NA,NA,0,2696.396715,205.5845557,2027.599507,71.46852866,0.828210497,5001.049306
p3,Saccorhiza polyschides,NA,NA,NA,0,2698.350069,191.7628549,2102.83545,189.3016674,0.850370873,5310.08546
p3,Saccorhiza polyschides,NA,NA,NA,0,2455.622385,293.2007342,1964.104454,293.2747357,0.919239539,5364.833286
p3,Saccorhiza polyschides,NA,NA,NA,0,2468.935642,270.4248299,2064.611235,251.8589225,0.945766275,5428.716125
p4,Saccorhiza polyschides,NA,NA,NA,0,2740.873346,178.7437381,2207.319988,88.96083684,0.870548699,5215.897909
p4,Saccorhiza polyschides,NA,NA,NA,0,2739.961428,173.1650999,2205.527167,98.49914748,0.868148085,5217.152842
p4,Saccorhiza polyschides,NA,NA,NA,0,2745.982641,182.9120466,2176.209332,102.8810034,0.859117368,5207.985023
p5,Saccorhiza polyschides,NA,NA,NA,0,2943.837306,178.363462,2328.168895,132.662673,0.851450707,5583.032336
p5,Saccorhiza polyschides,NA,NA,NA,0,2867.234868,147.0954845,2273.907891,156.2357197,0.844368699,5444.473963
p5,Saccorhiza polyschides,NA,NA,NA,0,2955.544513,158.4238487,2377.542336,125.1897761,0.858036877,5616.700474
p6,Saccorhiza polyschides,NA,NA,NA,0,2749.403872,201.9111485,2019.734334,72.92538358,0.808046248,5043.974738
p6,Saccorhiza polyschides,NA,NA,NA,0,2806.633325,208.9900345,2039.005926,73.13845848,0.800958194,5127.767744
p6,Saccorhiza polyschides,NA,NA,NA,0,2779.985595,210.4980537,2035.40805,76.0434423,0.80788408,5101.935141
p7,Saccorhiza polyschides,NA,NA,NA,0,2173.424804,161.8981994,1664.426417,91.78289646,0.840298046,4091.532317
p7,Saccorhiza polyschides,NA,NA,NA,0,2173.803639,164.5785719,1656.169497,81.95055287,0.837586264,4076.502261
p7,Saccorhiza polyschides,NA,NA,NA,0,2140.60759,155.0860072,1679.12199,65.27359427,0.85686326,4040.089182
p8,Saccorhiza polyschides,NA,NA,NA,0,1810.467904,123.877922,1276.194702,152.0020279,0.773320875,3540.827464
p8,Saccorhiza polyschides,NA,NA,NA,0,1774.21733,125.1087606,1252.701381,160.5849663,0.776573489,3503.403684
p8,Saccorhiza polyschides,NA,NA,NA,0,1753.321258,121.1856619,1205.268859,165.1133818,0.756538207,3420.406697
p9,Saccorhiza polyschides,NA,NA,NA,0,3028.481513,233.4817132,2101.470288,239.7932875,0.770997608,5603.226802
p9,Saccorhiza polyschides,NA,NA,NA,0,2999.395968,211.1106725,2169.166787,176.1721019,0.793585604,5560.745164
p9,Saccorhiza polyschides,NA,NA,NA,0,3029.309931,222.5491793,2119.365658,210.9036953,0.773085254,5582.128464
p10,Saccorhiza polyschides,NA,NA,NA,0,2542.821005,205.1388471,1974.603906,89.52977119,0.857214389,4812.093529
p10,Saccorhiza polyschides,NA,NA,NA,0,2594.760238,215.1112827,1990.524307,95.61298333,0.850034449,4896.008811
p10,Saccorhiza polyschides,NA,NA,NA,0,2643.205612,205.8706442,2055.321838,101.403879,0.855473548,5005.801973
p11,Saccorhiza polyschides,NA,NA,NA,0,1214.680807,72.87462311,1005.0146,63.80431163,0.887384749,2356.374342
p11,Saccorhiza polyschides,NA,NA,NA,0,1223.064766,73.34474072,1014.753602,62.61146128,0.889648997,2373.77457
p11,Saccorhiza polyschides,NA,NA,NA,0,1195.449331,70.32867408,988.9268341,57.79126515,0.886073111,2312.496104
p12,Saccorhiza polyschides,NA,NA,NA,0,1014.592044,55.57147038,805.2786979,174.8106741,0.848469267,2050.252886
p12,Saccorhiza polyschides,NA,NA,NA,0,977.4425736,54.84582069,784.3139464,174.9397768,0.858525902,1991.542117
p12,Saccorhiza polyschides,NA,NA,NA,0,1002.589928,54.2346237,781.8109357,176.1136293,0.833885855,2014.749117
p13,Saccorhiza polyschides,NA,NA,NA,0,1128.463263,78.71542799,891.9248289,61.53472069,0.860143426,2160.638241
p13,Saccorhiza polyschides,NA,NA,NA,0,1352.050775,79.22207663,990.8914498,79.95840919,0.791474363,2502.122711
p13,Saccorhiza polyschides,NA,NA,NA,0,1410.660096,83.60067789,1036.59729,72.928394,0.794094886,2603.786458
p14,Saccorhiza polyschides,NA,NA,NA,0,480.1196783,31.05331113,383.9125515,65.10833497,0.864296719,966.1361545
p14,Saccorhiza polyschides,NA,NA,NA,0,466.1452005,31.29801799,384.2255603,63.29893312,0.891403747,944.9677119
p14,Saccorhiza polyschides,NA,NA,NA,0,463.8066598,35.54854356,403.8732512,58.42382389,0.947424504,961.6522785
p15,Saccorhiza polyschides,NA,NA,NA,0,1326.071303,93.3318105,990.8637682,56.09763786,0.81759976,2466.36452
p15,Saccorhiza polyschides,NA,NA,NA,0,1350.948016,93.38090217,999.4226456,59.58995694,0.808916061,2503.341521
p15,Saccorhiza polyschides,NA,NA,NA,0,1393.134259,80.99318126,969.1766137,63.80394468,0.753818082,2507.107999
p16,Saccorhiza polyschides,NA,NA,NA,0,1505.615192,123.1966118,1166.158824,58.95985924,0.856364523,2853.930487
p16,Saccorhiza polyschides,NA,NA,NA,0,1513.276111,112.5514393,1159.862496,67.77494926,0.840833954,2853.464996
p16,Saccorhiza polyschides,NA,NA,NA,0,1557.632186,127.1904329,1188.848541,54.35779229,0.844897137,2928.028952
p17,Saccorhiza polyschides,NA,NA,NA,0,1386.664358,96.62088326,984.6870427,67.36622173,0.779790668,2535.338506
p17,Saccorhiza polyschides,NA,NA,NA,0,1392.243954,94.26081757,979.7322854,69.64526572,0.771411576,2535.882323
p17,Saccorhiza polyschides,NA,NA,NA,0,1465.410237,74.7617906,958.9042616,65.06574336,0.705376574,2564.142033
p18,Saccorhiza polyschides,NA,NA,NA,0,1026.076349,0,748.4935228,39.1907899,0.729471568,1813.760662
p18,Saccorhiza polyschides,NA,NA,NA,0,1046.233486,0,711.134764,61.39462625,0.679709428,1822.496565
p18,Saccorhiza polyschides,NA,NA,NA,0,1066.857933,0,752.9157017,51.20059866,0.705731924,1870.974233
p19,Saccorhiza polyschides,NA,NA,NA,0,1546.600819,40.9545908,1066.236192,80.87585826,0.715886588,2734.66746
p19,Saccorhiza polyschides,NA,NA,NA,0,1543.870413,48.28256485,1035.49848,88.63967074,0.701989646,2716.291129
p19,Saccorhiza polyschides,NA,NA,NA,0,1542.010561,45.58113545,1101.929601,59.54910521,0.74416529,2784.452834
p20,Saccorhiza polyschides,NA,NA,NA,0,869.7533001,25.66096269,685.3326706,106.5615507,0.817465864,1763.554955
p20,Saccorhiza polyschides,NA,NA,NA,0,834.6909071,30.81489968,673.7256901,112.6774846,0.844073637,1762.936635
p20,Saccorhiza polyschides,NA,NA,NA,0,833.8626969,31.41397658,692.2265384,110.1882846,0.867817349,1782.691997
p21,Saccorhiza polyschides,NA,NA,NA,0,1418.233735,2.611849663,957.9648709,61.72882672,0.677304944,2440.539282
p21,Saccorhiza polyschides,NA,NA,NA,0,1399.262331,9.577281619,1005.988802,50.99913398,0.725786767,2465.827549
p21,Saccorhiza polyschides,NA,NA,NA,0,1425.705056,2.068712143,983.2916025,57.82311317,0.691138963,2468.888484
p22,Saccorhiza polyschides,NA,NA,NA,0,613.7436914,25.6344403,547.6571064,54.98080628,0.934089514,1325.52847
p22,Saccorhiza polyschides,NA,NA,NA,0,609.8693545,25.25965078,558.7694948,51.8336193,0.957629927,1336.481925
p22,Saccorhiza polyschides,NA,NA,NA,0,606.4419508,26.16831054,540.6680144,50.49031559,0.93469181,1305.66359
p23,Saccorhiza polyschides,NA,NA,NA,0,921.2619887,57.41227875,665.8129138,18.54033049,0.785037483,1663.027512
p23,Saccorhiza polyschides,NA,NA,NA,0,923.5265734,57.5837178,665.210739,19.47521192,0.782646085,1665.796242
p23,Saccorhiza polyschides,NA,NA,NA,0,937.6547322,59.7294548,673.8105881,20.6939989,0.782313593,1691.888774
p24,Saccorhiza polyschides,NA,NA,NA,0,906.0870443,57.21925782,642.798373,23.21653027,0.772572166,1629.321205
p24,Saccorhiza polyschides,NA,NA,NA,0,918.0337769,57.8495001,654.6008621,20.75754003,0.776061165,1651.241679
p24,Saccorhiza polyschides,NA,NA,NA,0,914.9302633,56.80824801,645.8576981,22.62283805,0.767999458,1640.219047
p25,Saccorhiza polyschides,NA,NA,NA,0,381.754553,9.056187002,388.9288822,65.47223993,1.04251558,989.314115
p25,Saccorhiza polyschides,NA,NA,NA,0,359.5862621,8.325847408,379.2355161,65.92759883,1.077798026,962.1011474
p25,Saccorhiza polyschides,NA,NA,NA,0,355.1833043,9.901639994,373.7876303,64.73616587,1.080257055,950.4804422
dS1,Laminaria digitata,2,07.10.21,27.10.21,20,694.3317384,16.48445503,702.2090312,0.159405962,1.035086611,1413.184631
dS1,Laminaria digitata,2,07.10.21,27.10.21,20,712.8284236,17.98071094,691.7150623,6.101308183,0.995605323,1428.625505
dS1,Laminaria digitata,2,07.10.21,27.10.21,20,718.5914783,22.84909626,678.7509474,5.508531432,0.976354528,1425.700053
dS2,Laminaria digitata,2,07.10.21,27.10.21,20,1095.543504,44.95394095,965.4788343,38.19641176,0.922311868,2144.172691
dS2,Laminaria digitata,2,07.10.21,27.10.21,20,1227.96587,50.66180322,1082.633267,47.05681291,0.922904372,2408.317753
dS2,Laminaria digitata,2,07.10.21,27.10.21,20,1257.342666,54.80366158,1092.929877,48.89526001,0.912824777,2453.971465
dS3,Laminaria digitata,2,07.10.21,27.10.21,20,916.2237794,35.11044868,827.3775204,2.588544809,0.94135078,1781.300293
dS3,Laminaria digitata,2,07.10.21,27.10.21,20,938.2020634,35.81275102,843.5822146,2.481232689,0.937319369,1820.078262
dS3,Laminaria digitata,2,07.10.21,27.10.21,20,941.7294166,36.67091704,847.3309666,0,0.93870051,1825.7313
hS1,Laminaria hyperborea,2,07.10.21,27.10.21,20,537.8172522,26.464978,448.9029547,27.15375149,0.883883756,1040.338936
hS1,Laminaria hyperborea,2,07.10.21,27.10.21,20,537.0721549,25.21062275,442.1543539,28.34697278,0.870208914,1032.784104
hS1,Laminaria hyperborea,2,07.10.21,27.10.21,20,539.2686881,26.25480651,447.6651694,24.89463986,0.878819754,1038.083304
hS2,Laminaria hyperborea,2,07.10.21,27.10.21,20,654.2070643,30.50059546,601.1276954,16.71344889,0.965486809,1302.548804
hS2,Laminaria hyperborea,2,07.10.21,27.10.21,20,657.6043929,32.02659815,591.5321196,22.68337297,0.948227725,1303.846484
hS2,Laminaria hyperborea,2,07.10.21,27.10.21,20,653.6488174,32.46893832,600.1868688,17.75141048,0.96788335,1304.056035
hS3,Laminaria hyperborea,2,07.10.21,27.10.21,20,597.1521852,7.825450369,519.2410188,29.39763772,0.882633409,1153.616292
hS3,Laminaria hyperborea,2,07.10.21,27.10.21,20,616.6259808,7.796141777,538.8297927,29.4195676,0.886478922,1192.671483
hS3,Laminaria hyperborea,2,07.10.21,27.10.21,20,615.8574829,9.115363439,526.4993871,30.72613608,0.869705679,1182.19837
lS1,Saccharina latissima,2,07.10.21,27.10.21,20,1495.004643,94.29080024,1333.811463,42.87237383,0.955249383,2965.97928
lS1,Saccharina latissima,2,07.10.21,27.10.21,20,1527.275934,100.6731778,1363.442754,52.69064404,0.958645323,3044.08251
lS1,Saccharina latissima,2,07.10.21,27.10.21,20,1516.110103,93.35025937,1360.704548,46.24583663,0.9590694,3016.410747
lS2,Saccharina latissima,2,07.10.21,27.10.21,20,2395.685964,142.1138523,2005.404429,109.986748,0.896410595,4653.190993
lS2,Saccharina latissima,2,07.10.21,27.10.21,20,2408.78498,147.2509593,2003.481959,112.3950711,0.892870446,4671.912969
lS2,Saccharina latissima,2,07.10.21,27.10.21,20,2413.846037,140.2617752,2022.583326,105.6504511,0.896016178,4682.341589
lS3,Saccharina latissima,2,07.10.21,27.10.21,20,1759.223921,103.764181,1565.154738,71.36626529,0.948667705,3499.509105
lS3,Saccharina latissima,2,07.10.21,27.10.21,20,1788.299361,107.941475,1581.211601,75.61880454,0.94455834,3553.071242
lS3,Saccharina latissima,2,07.10.21,27.10.21,20,1793.660938,103.421469,1597.162562,69.4857577,0.948107859,3563.730727
pS1,Saccorhiza polyschides,2,07.10.21,27.10.21,20,1061.089512,59.24579337,1025.5195,87.18085439,1.022312709,2233.03566
pS1,Saccorhiza polyschides,2,07.10.21,27.10.21,20,1037.654476,59.09427148,995.6052314,87.33127908,1.016426496,2179.685258
pS1,Saccorhiza polyschides,2,07.10.21,27.10.21,20,1044.086103,57.90034593,998.5228785,85.78100216,1.011816192,2186.29033
pS2,Saccorhiza polyschides,2,07.10.21,27.10.21,20,856.1727182,46.5320618,738.6419143,67.34587429,0.917074277,1708.692569
pS2,Saccorhiza polyschides,2,07.10.21,27.10.21,20,865.7025857,48.62595273,738.3240135,70.24159085,0.909030398,1722.894143
pS2,Saccorhiza polyschides,2,07.10.21,27.10.21,20,877.1228941,48.21525853,753.5864839,71.48605872,0.914127026,1750.410695
pS3,Saccorhiza polyschides,2,07.10.21,27.10.21,20,1645.373377,95.03269758,1366.72228,41.65899053,0.888403203,3148.787345
pS3,Saccorhiza polyschides,2,07.10.21,27.10.21,20,1747.51378,103.0663561,1431.788464,47.27329031,0.878307706,3329.64189
pS3,Saccorhiza polyschides,2,07.10.21,27.10.21,20,1751.16663,104.7379598,1426.21194,47.67752395,0.874245702,3329.794054
dS4,Laminaria digitata,2,07.10.21,08.11.21,32,804.4144773,25.10281627,793.7390817,13.72933644,1.017935307,1636.985712
dS4,Laminaria digitata,2,07.10.21,08.11.21,32,809.3480804,30.97529717,803.513984,11.07547406,1.031063521,1654.912836
dS4,Laminaria digitata,2,07.10.21,08.11.21,32,815.6092093,31.31679189,801.4956901,20.03707554,1.021092543,1668.458767
dS4,Laminaria digitata,2,07.10.21,08.11.21,32,808.0262192,26.41443079,800.6940868,21.3555634,1.02361594,1656.4903
dS4,Laminaria digitata,2,07.10.21,08.11.21,32,803.9075328,25.99785288,805.7615998,10.76442006,1.034645676,1646.431406
dS5,Laminaria digitata,2,07.10.21,08.11.21,32,690.9472939,33.89011093,660.3450351,32.51347502,1.00475847,1417.695915
dS5,Laminaria digitata,2,07.10.21,08.11.21,32,687.3610832,33.50824341,653.8807712,38.42508019,1.000040636,1413.175178
dS5,Laminaria digitata,2,07.10.21,08.11.21,32,695.1288385,36.01531492,662.3634696,33.28570503,1.004675315,1426.793328
dS6,Laminaria digitata,2,07.10.21,08.11.21,32,895.5790853,39.84815637,750.0693228,23.52497557,0.882018676,1709.02154
dS6,Laminaria digitata,2,07.10.21,08.11.21,32,895.7594171,39.90689522,748.6740517,23.57063609,0.880349044,1707.911
dS6,Laminaria digitata,2,07.10.21,08.11.21,32,906.512849,39.07342252,758.9220635,25.15242549,0.880291423,1729.660761
hS4,Laminaria hyperborea,2,07.10.21,08.11.21,32,474.5585967,30.64615798,346.7141006,30.29879139,0.795181588,882.2176467
hS4,Laminaria hyperborea,2,07.10.21,08.11.21,32,465.8746994,28.62545718,345.0239458,29.97241181,0.80203841,869.4965142
hS4,Laminaria hyperborea,2,07.10.21,08.11.21,32,474.5896425,29.79881862,345.5765389,31.61972473,0.790947218,881.5847248
hS5,Laminaria hyperborea,2,07.10.21,08.11.21,32,467.7875356,24.56742639,349.1996573,28.68049414,0.799010352,870.2351134
hS5,Laminaria hyperborea,2,07.10.21,08.11.21,32,460.3556841,25.95921291,347.9801754,28.95490283,0.812283635,863.2499752
hS5,Laminaria hyperborea,2,07.10.21,08.11.21,32,461.9244913,24.60384621,349.6917642,28.66907105,0.810296093,864.8891728
hS5,Laminaria hyperborea,2,07.10.21,08.11.21,32,461.3222478,24.4410661,350.5763603,26.56537503,0.81291858,862.9050492
hS5,Laminaria hyperborea,2,07.10.21,08.11.21,32,458.3194227,25.98263243,349.6560941,28.61864659,0.819600279,862.5767958
hS6,Laminaria hyperborea,2,07.10.21,08.11.21,32,457.7477009,26.51681563,351.7209781,30.01593236,0.826301897,866.001427
hS6,Laminaria hyperborea,2,07.10.21,08.11.21,32,437.9892062,23.84377995,339.8418777,28.93258375,0.830353014,830.6074476
hS6,Laminaria hyperborea,2,07.10.21,08.11.21,32,450.8352017,25.82633201,340.2511137,31.26239656,0.811998363,848.175044
lS4,Saccharina latissima,2,07.10.21,08.11.21,32,1213.781235,63.68196327,1110.929002,70.6995247,0.967728724,2467.032368
lS4,Saccharina latissima,2,07.10.21,08.11.21,32,1295.050573,74.42036037,1260.547768,51.38915136,1.030823163,2704.907345
lS4,Saccharina latissima,2,07.10.21,08.11.21,32,1352.553995,66.4605515,1292.343012,34.57593166,1.004620569,2745.93349
lS4,Saccharina latissima,2,07.10.21,08.11.21,32,1343.881837,71.2686373,1257.937289,33.33417726,0.989079463,2706.421941
lS4,Saccharina latissima,2,07.10.21,08.11.21,32,1322.09418,65.67962322,1259.409871,42.62272329,1.002265583,2696.198747
lS5,Saccharina latissima,2,07.10.21,08.11.21,32,939.7235377,54.4426388,927.5555169,23.35820588,1.044986229,1945.079899
lS5,Saccharina latissima,2,07.10.21,08.11.21,32,950.5778754,56.73452999,950.7444913,22.14463412,1.059859531,1980.201531
lS5,Saccharina latissima,2,07.10.21,08.11.21,32,943.686567,57.81669078,919.900079,25.60021348,1.036060917,1947.00355
lS5,Saccharina latissima,2,07.10.21,08.11.21,32,950.1619786,55.07819821,945.5237762,21.6038487,1.053085681,1972.367802
lS5,Saccharina latissima,2,07.10.21,08.11.21,32,949.2172881,57.80554248,930.6194726,27.01993216,1.041305323,1964.662235
lS6,Saccharina latissima,2,07.10.21,08.11.21,32,895.1177133,57.06170554,857.3101168,37.25986528,1.021510142,1846.749401
lS6,Saccharina latissima,2,07.10.21,08.11.21,32,894.4358645,56.26809067,857.0433938,36.5237653,1.02110338,1844.271114
lS6,Saccharina latissima,2,07.10.21,08.11.21,32,889.8920724,56.46330039,852.4824656,38.36414499,1.021411241,1837.201983
pS4,Saccorhiza polyschides,2,07.10.21,08.11.21,32,893.3841881,2.061764808,578.0200869,18.45472993,0.649308393,1491.92077
pS4,Saccorhiza polyschides,2,07.10.21,08.11.21,32,871.5333855,0.58491132,569.7433973,16.2807207,0.654396398,1458.142415
pS4,Saccorhiza polyschides,2,07.10.21,08.11.21,32,886.2795922,0.394221732,583.5200114,15.30001784,0.658837503,1485.493843
pS6,Saccorhiza polyschides,2,07.10.21,08.11.21,32,564.6710609,21.27782624,439.0297007,60.09442118,0.815178179,1085.073009
pS6,Saccorhiza polyschides,2,07.10.21,08.11.21,32,560.7968782,21.04452201,437.3605148,55.84124126,0.817417241,1075.043156
pS6,Saccorhiza polyschides,2,07.10.21,08.11.21,32,564.3852414,21.98056016,436.7137224,57.97852905,0.812732596,1081.058053
dL1,Laminaria digitata,15,07.10.21,08.11.21,32,840.5643009,28.6052133,812.0471042,8.260881146,1.000104711,1689.4775
dL1,Laminaria digitata,15,07.10.21,08.11.21,32,837.9358458,27.17952133,816.7745466,3.307678458,1.007182199,1685.197592
dL1,Laminaria digitata,15,07.10.21,08.11.21,32,821.9451128,27.12391534,800.8802191,9.711286744,1.007371565,1659.660534
dL1,Laminaria digitata,15,07.10.21,08.11.21,32,839.4050971,26.62482641,810.3952794,9.721843078,0.997158712,1686.147046
dL1,Laminaria digitata,15,07.10.21,08.11.21,32,828.1658154,28.16118784,802.7489041,8.032847075,1.00331368,1667.108754
dL2,Laminaria digitata,15,07.10.21,08.11.21,32,576.4097715,19.44470691,617.1685808,3.141316003,1.10444569,1216.164375
dL2,Laminaria digitata,15,07.10.21,08.11.21,32,576.9866148,19.26442585,620.3419645,2.923866531,1.108528992,1219.516872
dL2,Laminaria digitata,15,07.10.21,08.11.21,32,578.8361644,20.67341385,616.7327119,2.297274496,1.101185733,1218.539565
dL2,Laminaria digitata,15,07.10.21,08.11.21,32,577.504914,21.35323241,616.3174083,2.155627367,1.10418219,1217.331182
dL2,Laminaria digitata,15,07.10.21,08.11.21,32,578.1498826,20.05612914,616.9733091,2.529928137,1.101841335,1217.709249
hL1,Laminaria hyperborea,15,07.10.21,08.11.21,32,604.8178606,40.23351151,499.7631364,35.07482668,0.892825234,1179.889335
hL1,Laminaria hyperborea,15,07.10.21,08.11.21,32,597.4202358,40.40613889,487.5189649,36.10991855,0.883674627,1161.455258
hL1,Laminaria hyperborea,15,07.10.21,08.11.21,32,616.0056571,41.16081541,505.1664501,37.53278312,0.886886767,1199.865706
hL3,Laminaria hyperborea,15,07.10.21,08.11.21,32,547.9353378,32.45729644,432.7159807,30.45122108,0.848956519,1043.559836
hL3,Laminaria hyperborea,15,07.10.21,08.11.21,32,556.522609,31.98345312,434.7266173,32.18368779,0.838618347,1055.416367
hL3,Laminaria hyperborea,15,07.10.21,08.11.21,32,559.8253634,33.71065593,427.9003357,30.83039425,0.824562483,1052.266749
lL1,Saccharina latissima,15,07.10.21,08.11.21,32,1631.376862,109.3865691,1342.165916,76.28363641,0.889771407,3159.212983
lL1,Saccharina latissima,15,07.10.21,08.11.21,32,1633.270803,109.3486988,1350.297107,74.81442659,0.893694912,3167.731035
lL1,Saccharina latissima,15,07.10.21,08.11.21,32,1591.904417,118.5507521,1314.290898,70.44564569,0.900080203,3095.191713
pL1,Saccorhiza polyschides,15,07.10.21,08.11.21,32,780.5370872,48.04066058,670.8699301,23.36747076,0.921046037,1522.815149
pL1,Saccorhiza polyschides,15,07.10.21,08.11.21,32,798.5746519,51.44008899,681.6915714,24.77716166,0.918050252,1556.483474
pL1,Saccorhiza polyschides,15,07.10.21,08.11.21,32,787.4844067,50.46875713,661.493001,24.78165675,0.904096325,1524.227822
pL1,Saccorhiza polyschides,15,07.10.21,08.11.21,32,805.9868983,46.7072369,669.9258009,26.00536502,0.889137329,1548.625301
pL1,Saccorhiza polyschides,15,07.10.21,08.11.21,32,802.587344,47.00595947,667.988715,23.5765062,0.890862135,1541.158525
pL3,Saccorhiza polyschides,15,07.10.21,08.11.21,32,471.8841757,20.78621086,443.011865,37.4368361,0.982864228,973.1190877
pL3,Saccorhiza polyschides,15,07.10.21,08.11.21,32,465.1527761,19.36445473,436.0879944,37.57216429,0.979145933,958.1773895
pL3,Saccorhiza polyschides,15,07.10.21,08.11.21,32,472.1802733,17.28010703,430.1051299,37.56426179,0.947488199,957.129772
pL3,Saccorhiza polyschides,15,07.10.21,08.11.21,32,463.3445385,19.65619131,430.3664996,36.41480565,0.971248506,949.7820351
pL3,Saccorhiza polyschides,15,07.10.21,08.11.21,32,467.9916862,19.53859108,428.7106062,38.81277823,0.957814445,955.0536617
hS7,Laminaria hyperborea,2,07.10.21,15.11.21,39,523.6025568,26.70742436,432.5134259,32.22901951,0.877040886,1015.052427
hS7,Laminaria hyperborea,2,07.10.21,15.11.21,39,533.1171101,27.81444098,440.8252541,32.29279405,0.879055814,1034.049599
hS7,Laminaria hyperborea,2,07.10.21,15.11.21,39,524.9908503,26.82140808,438.2329526,30.70738283,0.885833268,1020.752594
hS7,Laminaria hyperborea,2,07.10.21,15.11.21,39,525.3120647,27.65519387,432.3159148,31.76744784,0.875614972,1017.050621
hS7,Laminaria hyperborea,2,07.10.21,15.11.21,39,531.0713084,27.67088568,445.1147641,31.27427235,0.890248903,1035.131231
hS8,Laminaria hyperborea,2,07.10.21,22.11.21,46,545.9726554,34.43087292,485.5648752,29.96862792,0.952420864,1095.937031
hS8,Laminaria hyperborea,2,07.10.21,22.11.21,46,542.1642255,36.9970364,485.9562926,28.87819895,0.964566278,1093.995753
hS8,Laminaria hyperborea,2,07.10.21,22.11.21,46,548.6181,35.02522776,478.7693948,30.86184655,0.936525103,1093.274569
hS8,Laminaria hyperborea,2,07.10.21,22.11.21,46,536.9149343,34.86059584,468.930663,29.65055128,0.938307405,1070.356744
hS8,Laminaria hyperborea,2,07.10.21,22.11.21,46,536.1297246,31.73668814,459.8256735,28.22778027,0.916872054,1055.919867
dS11,Laminaria digitata,2,07.10.21,22.11.21,46,796.6544373,28.00010297,817.5994244,2.965747508,1.061438295,1645.219712
dS11,Laminaria digitata,2,07.10.21,22.11.21,46,812.960332,31.66202045,820.311592,2.235710669,1.047989156,1667.169655
dS11,Laminaria digitata,2,07.10.21,22.11.21,46,803.3733075,29.70476379,816.4295486,1.569782548,1.053226818,1651.077402
dS11,Laminaria digitata,2,07.10.21,22.11.21,46,827.9071778,45.62587435,796.3931012,13.81371142,1.017045145,1683.739865
dS11,Laminaria digitata,2,07.10.21,22.11.21,46,817.4338799,38.71889011,813.6138131,5.982032732,1.042693145,1675.748616
lS10,Saccharina latissima,2,07.10.21,15.11.21,39,1038.868772,53.97640627,1057.034489,7.273794319,1.069442961,2157.153462
lS10,Saccharina latissima,2,07.10.21,15.11.21,39,1049.499349,53.36935753,1062.608539,13.72125178,1.063343105,2179.198497
lS10,Saccharina latissima,2,07.10.21,15.11.21,39,1057.210434,56.86596984,1067.503496,10.06082089,1.063524753,2191.640721
lS10,Saccharina latissima,2,07.10.21,15.11.21,39,1066.377479,52.52626036,1053.133626,5.845370117,1.036837244,2177.882735
lS10,Saccharina latissima,2,07.10.21,15.11.21,39,1063.61969,56.29617801,1077.335921,6.735953887,1.065824664,2203.987743
lS11,Saccharina latissima,2,07.10.21,15.11.21,39,929.0489017,52.94014885,961.4533779,0,1.09186236,1943.442428
lS11,Saccharina latissima,2,07.10.21,15.11.21,39,921.8481934,52.21513362,964.8336815,0,1.103271474,1938.897009
lS11,Saccharina latissima,2,07.10.21,15.11.21,39,929.918151,53.0970395,975.3077166,0,1.105908896,1958.322907
lS11,Saccharina latissima,2,07.10.21,15.11.21,39,913.5600338,53.05888231,957.1657731,0,1.105810913,1923.784689
lS11,Saccharina latissima,2,07.10.21,15.11.21,39,923.2369708,51.57854687,971.6267366,0,1.108280231,1946.442254
dL4,Laminaria digitata,15,07.10.21,08.11.21,32,917.5088428,26.68305501,869.6674053,27.87364497,0.976939315,1841.732948
dL4,Laminaria digitata,15,07.10.21,08.11.21,32,905.4084163,25.36802303,852.4727072,25.23877754,0.969552209,1808.487924
dL4,Laminaria digitata,15,07.10.21,08.11.21,32,896.911864,27.84100487,862.4990595,16.26930643,0.992672859,1803.521235
dL4,Laminaria digitata,15,07.10.21,08.11.21,32,912.7315144,27.99255736,866.3260249,16.12468209,0.979826563,1823.174779
dL4,Laminaria digitata,15,07.10.21,08.11.21,32,911.4224585,25.38320225,864.573588,25.61434224,0.976448168,1826.993591
dL5,Laminaria digitata,15,07.10.21,08.11.21,32,818.2605441,29.65928508,771.5272732,11.80225614,0.979133803,1631.249359
dL5,Laminaria digitata,15,07.10.21,08.11.21,32,915.4705924,34.1002962,859.0864285,18.41605981,0.975658565,1827.073377
dL5,Laminaria digitata,15,07.10.21,08.11.21,32,907.0207357,33.1134191,849.9697211,15.72124605,0.973608547,1805.825122
dL6,Laminaria digitata,15,07.10.21,08.11.21,32,814.780413,41.36744547,784.0810742,28.91306514,1.013093229,1669.141998
dL6,Laminaria digitata,15,07.10.21,08.11.21,32,809.4551008,43.23845305,772.819199,27.6360463,1.008156785,1653.148799
dL6,Laminaria digitata,15,07.10.21,08.11.21,32,814.9607034,42.66420322,783.0964654,30.76983577,1.01325213,1671.491208
hL4,Laminaria hyperborea,15,07.10.21,08.11.21,32,564.6050898,10.61158922,422.0598214,25.5681055,0.766325735,1022.844606
hL4,Laminaria hyperborea,15,07.10.21,08.11.21,32,526.4390024,18.34975882,423.1036017,27.56725424,0.838565073,995.4596172
hL4,Laminaria hyperborea,15,07.10.21,08.11.21,32,541.626475,10.79601393,429.630916,26.76386063,0.813156207,1008.817266
hL4,Laminaria hyperborea,15,07.10.21,08.11.21,32,551.623629,11.0395742,424.641156,26.64575604,0.789815206,1013.950115
hL4,Laminaria hyperborea,15,07.10.21,08.11.21,32,517.4448869,19.31477506,415.5928839,29.55715208,0.840490785,981.9096979
hL6,Laminaria hyperborea,15,07.10.21,08.11.21,32,478.9936188,21.44481441,362.6209908,28.65251902,0.801818208,891.711943
hL6,Laminaria hyperborea,15,07.10.21,08.11.21,32,468.8907359,22.39618817,378.7815624,28.19829593,0.855588989,898.2667824
hL6,Laminaria hyperborea,15,07.10.21,08.11.21,32,468.2587521,22.79212868,379.7820489,27.93388318,0.859725901,898.7668129
hL6,Laminaria hyperborea,15,07.10.21,08.11.21,32,413.3504312,19.47601627,337.8620851,22.10393373,0.864491904,792.7924663
hL6,Laminaria hyperborea,15,07.10.21,08.11.21,32,468.3961245,23.14117489,378.8020144,27.93541235,0.858126633,898.2747261
lL4,Saccharina latissima,15,07.10.21,08.11.21,32,1328.862805,100.6554047,1220.317737,38.12713452,0.994062846,2687.963081
lL4,Saccharina latissima,15,07.10.21,08.11.21,32,1329.423031,103.436783,1236.662333,39.84998818,1.008030615,2709.372135
lL4,Saccharina latissima,15,07.10.21,08.11.21,32,1344.235701,106.6479521,1237.541059,34.78082871,0.999965267,2723.205541
pL6,Saccorhiza polyschides,15,07.10.21,08.11.21,32,679.6258228,34.64505408,573.4636716,39.17003523,0.894769894,1326.904584
pL6,Saccorhiza polyschides,15,07.10.21,08.11.21,32,659.7373413,34.59885937,564.1586843,38.21344391,0.907569583,1296.708329
pL6,Saccorhiza polyschides,15,07.10.21,08.11.21,32,673.9859747,33.37950216,568.7192683,37.30167535,0.893340207,1313.386421
pL6,Saccorhiza polyschides,15,07.10.21,08.11.21,32,662.917888,35.1924057,563.9703413,38.2530741,0.903826489,1300.333709
pL6,Saccorhiza polyschides,15,07.10.21,08.11.21,32,659.739643,35.26922707,560.3456618,38.55688863,0.902802939,1293.91142
dS13,Laminaria digitata,2,07.10.21,15.11.21,39,1326.226677,40.63019477,1156.107385,9.56751909,0.902362771,2532.531776
dS13,Laminaria digitata,2,07.10.21,15.11.21,39,1303.093758,46.87484422,1153.997529,13.86100237,0.92155485,2517.827134
dS13,Laminaria digitata,2,07.10.21,15.11.21,39,1293.338143,44.05382543,1114.527278,12.49945343,0.8958068,2464.4187
dS13,Laminaria digitata,2,07.10.21,15.11.21,39,1318.121672,47.92842273,1169.924653,13.30401223,0.923930697,2549.27876
dS13,Laminaria digitata,2,07.10.21,15.11.21,39,1297.001343,50.30049254,1149.415147,15.06605719,0.924991825,2511.78304
dS14,Laminaria digitata,2,07.10.21,15.11.21,39,1074.601555,31.08966401,1047.566148,20.43761573,1.0037728,2173.694983
dS14,Laminaria digitata,2,07.10.21,15.11.21,39,1064.069009,29.31237442,1034.089224,18.87964474,0.999372775,2146.350252
dS14,Laminaria digitata,2,07.10.21,15.11.21,39,1070.397967,27.05382304,1048.429787,15.50381028,1.00475117,2161.385387
dS14,Laminaria digitata,2,07.10.21,15.11.21,39,1073.878831,30.5806777,1044.435164,20.22905032,1.001058789,2169.123723
dS14,Laminaria digitata,2,07.10.21,15.11.21,39,1083.542287,31.06404334,1060.781073,18.24103117,1.007662672,2193.628435
dS15,Laminaria digitata,2,07.10.21,15.11.21,39,531.9147845,12.31881775,520.3464202,25.33837261,1.001410853,1089.918395
dS15,Laminaria digitata,2,07.10.21,15.11.21,39,572.8523729,13.27972662,561.8136311,29.37542449,1.003911976,1177.321155
dS15,Laminaria digitata,2,07.10.21,15.11.21,39,571.7091871,14.41396776,555.028683,28.62762541,0.996035508,1169.779463
dS15,Laminaria digitata,2,07.10.21,15.11.21,39,583.0664245,15.2523472,569.6266411,26.53047597,1.003108675,1194.475889
dS15,Laminaria digitata,2,07.10.21,15.11.21,39,571.1043448,14.93507771,554.1259888,28.51242993,0.996422233,1168.677841
hS13,Laminaria hyperborea,2,07.10.21,15.11.21,39,564.1147352,34.52012111,474.9914206,24.45213262,0.903205518,1098.07841
hS13,Laminaria hyperborea,2,07.10.21,15.11.21,39,554.0801694,33.72649579,465.5036586,23.89277087,0.901007078,1077.203095
hS13,Laminaria hyperborea,2,07.10.21,15.11.21,39,546.8806678,32.19358634,474.5521152,23.53598772,0.926611108,1077.162357
hS13,Laminaria hyperborea,2,07.10.21,15.11.21,39,555.4712207,32.88937697,472.7289059,27.08645827,0.910251088,1088.175962
hS13,Laminaria hyperborea,2,07.10.21,15.11.21,39,555.8568356,34.0863327,462.4965205,25.16583891,0.89336466,1077.605528
hS14,Laminaria hyperborea,2,07.10.21,15.11.21,39,491.1882845,28.52885772,399.9816052,27.7860103,0.872395528,947.4847577
hS14,Laminaria hyperborea,2,07.10.21,15.11.21,39,485.6029746,29.12161952,391.7403371,25.76315628,0.866679116,932.2280875
hS14,Laminaria hyperborea,2,07.10.21,15.11.21,39,482.7795107,27.66363178,398.9554216,24.64125201,0.883672658,934.0398161
hS14,Laminaria hyperborea,2,07.10.21,15.11.21,39,485.6734194,28.03064826,401.5553796,25.53624326,0.884516242,940.7956905
hS14,Laminaria hyperborea,2,07.10.21,15.11.21,39,489.5381099,28.71182336,398.5393845,27.34851245,0.872763936,944.1378302
lS14,Saccharina latissima,2,07.10.21,15.11.21,39,556.569879,17.67820845,412.9755147,15.97243752,0.773763977,1003.19604
lS14,Saccharina latissima,2,07.10.21,15.11.21,39,564.7998919,14.72164857,420.1294449,15.08731843,0.769920639,1014.738304
lS14,Saccharina latissima,2,07.10.21,15.11.21,39,573.2221135,15.75835921,429.0529759,15.44484497,0.775984256,1033.478294
lS14,Saccharina latissima,2,07.10.21,15.11.21,39,554.4461383,17.56945067,422.5850437,14.56218246,0.793863396,1009.162815
lS14,Saccharina latissima,2,07.10.21,15.11.21,39,563.9863134,18.77339018,430.4180764,15.4538751,0.796458098,1028.631655
dS16,Laminaria digitata,2,07.10.21,22.11.21,46,820.4304471,25.66138946,919.0006811,0.919261545,1.151422493,1766.011779
dS16,Laminaria digitata,2,07.10.21,22.11.21,46,879.2671542,31.56232749,978.0477831,5.658055273,1.148240447,1894.53532
dS16,Laminaria digitata,2,07.10.21,22.11.21,46,874.409506,32.34741465,977.092096,0,1.154424219,1883.849017
dS16,Laminaria digitata,2,07.10.21,22.11.21,46,872.6510283,30.41947951,974.1442093,1.291587839,1.15116313,1878.506305
dS16,Laminaria digitata,2,07.10.21,22.11.21,46,874.5438192,30.64029279,971.9388403,0.323638957,1.1464024,1877.446591
hS18,Laminaria hyperborea,2,07.10.21,22.11.21,46,485.2886734,29.84875973,403.7305843,26.71775831,0.893446247,945.5857757
hS18,Laminaria hyperborea,2,07.10.21,22.11.21,46,490.4379647,30.48023432,406.3183393,25.91544587,0.890629611,953.1519842
hS18,Laminaria hyperborea,2,07.10.21,22.11.21,46,489.7821645,31.356207,405.6743751,27.76994376,0.892295828,954.5826904
hS18,Laminaria hyperborea,2,07.10.21,22.11.21,46,488.1355809,31.52627001,407.9045335,24.11391163,0.900222849,951.680296
hS18,Laminaria hyperborea,2,07.10.21,22.11.21,46,490.878997,30.80442644,412.6697354,25.11851556,0.903428675,959.4716744
pS16,Saccorhiza polyschides,2,07.10.21,15.11.21,39,1406.417297,102.570093,1335.800736,35.1770727,1.022719809,2957.961969
pS16,Saccorhiza polyschides,2,07.10.21,15.11.21,39,1375.382383,107.0928483,1352.021977,45.46872312,1.060879391,3031.044306
pS16,Saccorhiza polyschides,2,07.10.21,15.11.21,39,1228.878533,174.4270177,1074.674894,222.4115976,1.016456776,2991.103163
pS16,Saccorhiza polyschides,2,07.10.21,15.11.21,39,1351.879033,113.5309693,1419.760642,0,1.134192908,3090.629191
pS16,Saccorhiza polyschides,2,07.10.21,15.11.21,39,1304.690191,115.1590186,1410.642054,18.61675414,1.169473859,3082.433772
pS17,Saccorhiza polyschides,2,07.10.21,15.11.21,39,1400.640399,78.27115059,1198.991119,93.64626759,0.911913058,2797.734704
pS17,Saccorhiza polyschides,2,07.10.21,15.11.21,39,1391.138436,84.20258761,1251.352549,68.76373889,0.960044739,2845.069013
pS17,Saccorhiza polyschides,2,07.10.21,15.11.21,39,1347.945765,110.442464,1250.47478,73.55665707,1.009623146,2905.233276
pS17,Saccorhiza polyschides,2,07.10.21,15.11.21,39,1290.543959,123.7080813,1149.392424,152.9083616,0.986483642,2908.050421
pS17,Saccorhiza polyschides,2,07.10.21,15.11.21,39,1340.15497,99.73324796,1253.797332,86.33164413,1.009980644,2910.575452
dL7,Laminaria digitata,15,07.10.21,08.11.21,32,762.5343374,16.73814002,639.7869463,12.12432032,0.860977735,1431.183744
dL7,Laminaria digitata,15,07.10.21,08.11.21,32,835.8157616,4.893886591,660.9909183,35.43639532,0.796688499,1537.136962
dL7,Laminaria digitata,15,07.10.21,08.11.21,32,835.7943689,12.62628415,695.2382894,12.89282171,0.84693628,1556.551764
dL7,Laminaria digitata,15,07.10.21,08.11.21,32,801.4994873,13.11981326,698.9540835,17.24458646,0.888427139,1530.817971
dL7,Laminaria digitata,15,07.10.21,08.11.21,32,814.7584363,23.18956396,699.1626039,14.88270779,0.886584459,1551.993312
dL8,Laminaria digitata,15,07.10.21,08.11.21,32,774.2956425,32.47857931,698.6257317,18.37567743,0.944218553,1523.775631
dL8,Laminaria digitata,15,07.10.21,08.11.21,32,781.1891669,33.52319482,707.3966091,18.17258881,0.948451201,1540.28156
dL8,Laminaria digitata,15,07.10.21,08.11.21,32,779.8418192,35.57886843,698.3743925,15.23771013,0.941156582,1529.03279
dL9,Laminaria digitata,15,07.10.21,08.11.21,32,892.0698015,41.36756129,778.9826133,48.52727946,0.919603122,1760.947256
dL9,Laminaria digitata,15,07.10.21,08.11.21,32,901.1500894,40.03493782,792.9774003,41.38895961,0.92438801,1775.551387
dL9,Laminaria digitata,15,07.10.21,08.11.21,32,898.334664,38.03707779,786.0455474,47.50992401,0.917344792,1769.927213
hL7,Laminaria hyperborea,15,07.10.21,08.11.21,32,473.9242996,28.55637291,373.7144885,27.42818534,0.848808263,903.6233463
hL7,Laminaria hyperborea,15,07.10.21,08.11.21,32,470.2858889,28.50534832,378.1228447,27.94723004,0.86464043,904.861312
hL7,Laminaria hyperborea,15,07.10.21,08.11.21,32,473.0493264,27.40808621,386.385294,26.15695832,0.874736221,912.9996649
hL8,Laminaria hyperborea,15,07.10.21,08.11.21,32,484.7878795,29.24641174,383.3788346,35.16907201,0.851145963,932.5821978
hL8,Laminaria hyperborea,15,07.10.21,08.11.21,32,477.8477112,29.05309048,372.6462401,36.46332551,0.840642994,916.0103673
hL8,Laminaria hyperborea,15,07.10.21,08.11.21,32,489.8434956,30.12505103,381.1593044,36.69655872,0.839624001,937.8244097
hL9,Laminaria hyperborea,15,07.10.21,08.11.21,32,516.5872593,33.46239095,407.6607815,33.23630065,0.853918025,990.9467324
hL9,Laminaria hyperborea,15,07.10.21,08.11.21,32,523.1117966,33.86498774,414.1993355,34.06409745,0.856536454,1005.240217
hL9,Laminaria hyperborea,15,07.10.21,08.11.21,32,517.639338,33.29691313,412.6476881,31.55489325,0.861496738,995.1388325
lL7,Saccharina latissima,15,07.10.21,08.11.21,32,1869.619108,148.2534456,1480.022028,138.5540083,0.87091294,3636.44859
lL7,Saccharina latissima,15,07.10.21,08.11.21,32,1875.875184,156.6779161,1472.519816,155.774093,0.868500072,3660.847009
lL7,Saccharina latissima,15,07.10.21,08.11.21,32,1894.190518,148.4560173,1468.184158,151.7312623,0.853472848,3662.561956
lL8,Saccharina latissima,15,07.10.21,08.11.21,32,1768.456471,155.2315622,1396.666711,148.1087086,0.877543948,3468.463453
lL8,Saccharina latissima,15,07.10.21,08.11.21,32,1837.722088,159.0413413,1447.904201,147.2218416,0.8744225,3591.889472
lL8,Saccharina latissima,15,07.10.21,08.11.21,32,1828.229591,148.4159919,1482.917799,124.1845223,0.892302476,3583.747904
dS19,Laminaria digitata,2,07.10.21,22.11.21,46,672.2959401,28.4486758,672.4422499,27.61654006,1.042533331,1400.803406
dS19,Laminaria digitata,2,07.10.21,22.11.21,46,690.7537335,29.95925358,694.5114797,26.1360205,1.048811897,1441.360487
dS19,Laminaria digitata,2,07.10.21,22.11.21,46,681.2989662,28.72608629,684.589706,23.62326435,1.046993798,1418.238023
dS19,Laminaria digitata,2,07.10.21,22.11.21,46,684.7694137,29.45750081,688.8818956,23.89244317,1.049023777,1427.001253
dS19,Laminaria digitata,2,07.10.21,22.11.21,46,685.760361,29.35119775,694.540845,20.93245005,1.055604966,1430.584854
hS20,Laminaria hyperborea,2,07.10.21,22.11.21,46,603.7250814,39.59153597,522.3175122,20.32373975,0.930736631,1185.957869
hS20,Laminaria hyperborea,2,07.10.21,22.11.21,46,602.7563385,39.07502898,522.7125514,19.80991198,0.932030979,1184.353831
hS20,Laminaria hyperborea,2,07.10.21,22.11.21,46,597.6157272,39.79688983,511.0770015,22.18793113,0.921786135,1170.67755
hS20,Laminaria hyperborea,2,07.10.21,22.11.21,46,594.139679,39.55557727,510.2186872,21.47342704,0.925328309,1165.387371
hS20,Laminaria hyperborea,2,07.10.21,22.11.21,46,602.1206749,40.06250603,521.8262755,20.84272278,0.933183006,1184.852179
hS21,Laminaria hyperborea,2,07.10.21,22.11.21,46,492.9199981,29.37196589,428.6525115,23.15039646,0.929206523,974.094872
hS21,Laminaria hyperborea,2,07.10.21,22.11.21,46,496.5725285,28.72015365,433.8210423,24.39742792,0.931467549,983.5111524
hS21,Laminaria hyperborea,2,07.10.21,22.11.21,46,502.4132812,29.70068126,432.7333883,25.68113121,0.920425647,990.528482
hS21,Laminaria hyperborea,2,07.10.21,22.11.21,46,495.7096713,30.22768541,417.8557228,25.51272598,0.903923071,969.3058055
hS21,Laminaria hyperborea,2,07.10.21,22.11.21,46,494.8846086,28.8348821,425.6028206,23.58768541,0.918270027,972.9099967
lS21,Saccharina latissima,2,07.10.21,15.11.21,39,1357.894875,183.1396019,1171.887331,241.0013474,0.99788795,3290.380241
lS21,Saccharina latissima,2,07.10.21,15.11.21,39,1291.057725,193.0616167,1016.200987,323.4929766,0.936644877,3140.60129
lS21,Saccharina latissima,2,07.10.21,15.11.21,39,1383.644612,154.0905212,1303.228673,132.5757819,1.053246752,3224.986094
lS21,Saccharina latissima,2,07.10.21,15.11.21,39,1371.671072,166.0382827,1272.38117,144.6076199,1.04866209,3213.3817
lS21,Saccharina latissima,2,07.10.21,15.11.21,39,1342.652525,179.8225205,1012.850068,319.7518565,0.888295792,3119.620229
dS23,Laminaria digitata,2,07.10.21,22.11.21,46,823.2343438,36.44876279,783.658458,28.29569162,0.996201418,1671.637256
dS23,Laminaria digitata,2,07.10.21,22.11.21,46,841.080621,38.29118377,825.1731402,19.40834925,1.026613029,1723.953294
dS23,Laminaria digitata,2,07.10.21,22.11.21,46,835.4717396,35.25456607,799.8881806,15.61919697,0.999606219,1686.233683
dS23,Laminaria digitata,2,07.10.21,22.11.21,46,848.3960025,33.05004665,822.6879563,12.43412854,1.008653978,1716.568134
dS23,Laminaria digitata,2,07.10.21,22.11.21,46,839.0535437,39.7045034,823.1028519,12.65854014,1.028310245,1714.519439
dS24,Laminaria digitata,2,07.10.21,22.11.21,46,928.1411347,36.48501735,811.9363397,9.819418344,0.91410813,1786.38191
dS24,Laminaria digitata,2,07.10.21,22.11.21,46,931.9354983,40.44090393,804.118945,9.510151966,0.906242815,1786.005499
dS24,Laminaria digitata,2,07.10.21,22.11.21,46,916.036347,33.52694682,798.73472,10.27367066,0.908546554,1758.571684
dS24,Laminaria digitata,2,07.10.21,22.11.21,46,930.5158013,36.0486412,818.1209346,8.364255929,0.91795279,1793.049633
dS24,Laminaria digitata,2,07.10.21,22.11.21,46,711.4988409,29.58374503,618.9842516,3.913425873,0.911551726,1363.980263
hS23,Laminaria hyperborea,2,07.10.21,22.11.21,46,462.7868558,27.99104867,399.7356535,22.87559402,0.92424125,913.389152
hS23,Laminaria hyperborea,2,07.10.21,22.11.21,46,455.7475754,27.28659822,394.4825525,24.4471447,0.92544464,901.9638708
hS23,Laminaria hyperborea,2,07.10.21,22.11.21,46,461.995536,28.07163293,394.4322389,23.42227353,0.914519381,907.9216814
hS23,Laminaria hyperborea,2,07.10.21,22.11.21,46,464.3790802,27.2203322,406.232767,22.80112411,0.933403587,920.6333035
hS23,Laminaria hyperborea,2,07.10.21,22.11.21,46,454.4498802,27.23356784,394.2962223,21.95046123,0.92756057,897.9301316
hS24,Laminaria hyperborea,2,07.10.21,15.11.21,39,424.7754911,25.81149953,343.4715808,20.75638961,0.869360611,814.814961
hS24,Laminaria hyperborea,2,07.10.21,15.11.21,39,423.4403385,27.52474978,343.1733034,22.80184341,0.875443408,816.9402351
hS24,Laminaria hyperborea,2,07.10.21,15.11.21,39,426.4804829,27.37900939,343.4954884,23.15517305,0.869616577,820.5101537
hS24,Laminaria hyperborea,2,07.10.21,15.11.21,39,425.1872137,27.19917329,341.4397793,23.22762617,0.867003853,817.0537925
hS24,Laminaria hyperborea,2,07.10.21,15.11.21,39,432.18299,24.5761863,345.2984684,21.00882148,0.855828812,823.0664662
dS26,Laminaria digitata,2,07.10.21,22.11.21,46,795.2252142,23.71509573,800.1354486,1.73671679,1.035996507,1620.812475
dS26,Laminaria digitata,2,07.10.21,22.11.21,46,792.0987287,31.1629019,786.5013085,7.525736806,1.032275625,1617.288676
dS26,Laminaria digitata,2,07.10.21,22.11.21,46,782.4330028,19.42693121,795.2206769,1.192326584,1.04117235,1598.272937
dS26,Laminaria digitata,2,07.10.21,22.11.21,46,767.191404,25.68893501,768.2738661,2.724069823,1.03489533,1563.878275
dS26,Laminaria digitata,2,07.10.21,22.11.21,46,791.7931826,26.4253489,791.8932428,4.330873447,1.033500426,1614.442648
hS25,Laminaria hyperborea,2,07.10.21,15.11.21,39,652.708389,40.17919411,546.780899,38.22841883,0.899268499,1277.896901
hS25,Laminaria hyperborea,2,07.10.21,15.11.21,39,642.3546482,38.71155978,544.541983,39.01537473,0.907993029,1264.623566
hS25,Laminaria hyperborea,2,07.10.21,15.11.21,39,639.0514727,38.71345389,542.9473445,37.72957768,0.910193972,1258.441849
hS25,Laminaria hyperborea,2,07.10.21,15.11.21,39,639.2641651,39.0477472,548.2988373,34.36163679,0.918785404,1260.972386
hS25,Laminaria hyperborea,2,07.10.21,15.11.21,39,638.832,37.46994303,549.7199763,37.02141592,0.919161719,1263.043335
hS27,Laminaria hyperborea,2,07.10.21,15.11.21,39,679.6501691,25.72926109,639.1257203,28.00006849,0.978231172,1372.505219
hS27,Laminaria hyperborea,2,07.10.21,15.11.21,39,678.7808251,27.25552803,631.6652597,27.76972108,0.970741605,1365.471334
hS27,Laminaria hyperborea,2,07.10.21,15.11.21,39,679.1654844,27.87299952,636.5245434,31.81654577,0.978255754,1375.379573
hS27,Laminaria hyperborea,2,07.10.21,15.11.21,39,680.6714187,26.79188212,640.2838042,32.51966989,0.980025998,1380.266775
hS27,Laminaria hyperborea,2,07.10.21,15.11.21,39,672.4877032,27.07134333,629.0742491,29.62914179,0.975699019,1358.262437
lS27,Saccharina latissima,2,07.10.21,15.11.21,39,1214.223286,75.83367276,1276.235477,15.95385195,1.11352596,2582.246288
lS27,Saccharina latissima,2,07.10.21,15.11.21,39,1212.645122,80.6365229,1270.527493,21.97593877,1.114228715,2585.785077
lS27,Saccharina latissima,2,07.10.21,15.11.21,39,1222.742388,83.472954,1282.908852,23.00190496,1.117473165,2612.126099
lS27,Saccharina latissima,2,07.10.21,15.11.21,39,1206.332678,81.20399944,1267.901505,21.7397088,1.11835278,2577.177891
lS27,Saccharina latissima,2,07.10.21,15.11.21,39,1217.425991,79.27864754,1287.346047,18.21918993,1.122552586,2602.269875
pS26,Saccorhiza polyschides,2,07.10.21,15.11.21,39,1167.229269,82.40690232,973.4290701,58.71340537,0.904566053,2281.778647
pS26,Saccorhiza polyschides,2,07.10.21,15.11.21,39,1170.739463,78.18075413,1001.843426,40.03232278,0.922514543,2290.795966
pS26,Saccorhiza polyschides,2,07.10.21,15.11.21,39,1169.305602,72.40824109,1000.33973,42.75248747,0.917423101,2284.806061
pS26,Saccorhiza polyschides,2,07.10.21,15.11.21,39,1154.822655,72.45958348,982.740452,41.67458663,0.913733404,2251.697277
pS26,Saccorhiza polyschides,2,07.10.21,15.11.21,39,1185.663727,86.72255107,997.0958563,57.71133138,0.914102694,2327.193466
pS27,Saccorhiza polyschides,2,07.10.21,15.11.21,39,843.8878201,54.56555766,727.7641458,27.24500595,0.927054147,1653.46253
pS27,Saccorhiza polyschides,2,07.10.21,15.11.21,39,864.8146453,55.56239729,749.7507912,23.72885836,0.931197445,1693.856692
pS27,Saccorhiza polyschides,2,07.10.21,15.11.21,39,859.1626667,54.83670431,739.2948163,24.40245562,0.924308692,1677.696643
pS27,Saccorhiza polyschides,2,07.10.21,15.11.21,39,860.7195806,53.33749905,750.9170305,22.76970508,0.934397855,1687.743815
pS27,Saccorhiza polyschides,2,07.10.21,15.11.21,39,866.3843841,56.63603498,752.0492115,23.40327166,0.93340238,1698.472902
pS30,Saccorhiza polyschides,2,07.10.21,15.11.21,39,1315.056194,135.2808821,1179.51929,143.0251256,0.999805315,2992.751548
pS30,Saccorhiza polyschides,2,07.10.21,15.11.21,39,1263.468998,164.0704382,810.0097817,371.6769617,0.770956962,2846.46573
pS30,Saccorhiza polyschides,2,07.10.21,15.11.21,39,1245.023515,190.5017809,740.9241905,420.0140675,0.74811918,2891.642453
pS30,Saccorhiza polyschides,2,07.10.21,15.11.21,39,1252.21139,147.4112846,898.2576256,325.0556819,0.835057817,2892.334933
pS30,Saccorhiza polyschides,2,07.10.21,15.11.21,39,1225.050244,172.0417509,803.428317,372.2096622,0.796269437,2875.106912
dS31,Laminaria digitata,2,07.10.21,15.11.21,39,882.3521958,41.70300578,804.3985364,32.74308726,0.958915891,1761.196825
dS31,Laminaria digitata,2,07.10.21,15.11.21,39,883.319721,39.8234735,808.2206041,24.94884118,0.960064694,1756.31264
dS31,Laminaria digitata,2,07.10.21,15.11.21,39,865.2413583,38.74109258,807.7817884,28.89591007,0.978366178,1740.660149
dS31,Laminaria digitata,2,07.10.21,15.11.21,39,887.8368517,35.80615991,816.947634,30.2096075,0.960484792,1770.800253
dS31,Laminaria digitata,2,07.10.21,15.11.21,39,878.8874268,41.19827312,801.9904565,30.44695565,0.959381946,1752.523112
dS33,Laminaria digitata,2,07.10.21,15.11.21,39,774.1780213,26.14703418,758.185739,26.11857046,1.013116818,1584.629365
dS33,Laminaria digitata,2,07.10.21,15.11.21,39,775.1784407,24.94054949,763.8154784,21.51340389,1.017515434,1585.447872
dS33,Laminaria digitata,2,07.10.21,15.11.21,39,772.9785409,24.98857766,757.1479663,22.80137516,1.011847681,1577.91646
dS33,Laminaria digitata,2,07.10.21,15.11.21,39,771.8699737,27.43577865,752.6133087,25.47164421,1.010596492,1577.390705
dS33,Laminaria digitata,2,07.10.21,15.11.21,39,779.9638602,27.1780422,763.1430721,22.88666268,1.013279146,1593.171637
hS33,Laminaria hyperborea,2,07.10.21,22.11.21,46,673.2023517,26.29841137,686.4571969,34.59987029,1.058753889,1420.55783
hS33,Laminaria hyperborea,2,07.10.21,22.11.21,46,672.0672628,24.45241676,686.3354285,31.60737743,1.057614148,1414.462485
hS33,Laminaria hyperborea,2,07.10.21,22.11.21,46,679.2669897,22.60478381,700.5665172,33.99903638,1.064634837,1436.437327
hS33,Laminaria hyperborea,2,07.10.21,22.11.21,46,673.6714452,23.09002928,688.1994146,37.09033895,1.055840275,1422.051228
hS33,Laminaria hyperborea,2,07.10.21,22.11.21,46,677.5342353,18.26628763,707.085549,33.10043545,1.070575919,1435.986507
lS31,Saccharina latissima,2,07.10.21,15.11.21,39,768.7044209,47.03545519,742.9653631,16.78489545,1.027704273,1575.490135
lS31,Saccharina latissima,2,07.10.21,15.11.21,39,777.4604325,47.79972229,756.7570681,18.48356164,1.034852395,1600.500785
lS31,Saccharina latissima,2,07.10.21,15.11.21,39,775.5760482,47.02003765,757.2129284,16.40389823,1.036949204,1596.212912
lS31,Saccharina latissima,2,07.10.21,15.11.21,39,780.1421823,48.25421119,756.4379954,16.09277807,1.031468654,1600.927167
lS31,Saccharina latissima,2,07.10.21,15.11.21,39,788.814067,43.99761773,755.3838074,20.24629949,1.013396513,1608.441792
lS32,Saccharina latissima,2,07.10.21,15.11.21,39,1084.944416,65.99425462,1105.812064,14.35972457,1.080061155,2271.110459
lS32,Saccharina latissima,2,07.10.21,15.11.21,39,1085.491871,67.27098373,1106.643743,14.28962969,1.081458791,2273.696227
lS32,Saccharina latissima,2,07.10.21,15.11.21,39,1084.016082,68.96538028,1109.30549,23.1697743,1.086949622,2285.456727
lS32,Saccharina latissima,2,07.10.21,15.11.21,39,1097.088759,64.39656007,1108.197258,28.99341173,1.068823109,2298.675989
lS32,Saccharina latissima,2,07.10.21,15.11.21,39,1090.02468,68.95059997,1096.520163,26.281732,1.069215023,2281.777175