wavelength,28.09.21,28.09.21,28.09.21,11.10.21,11.10.21,11.10.21,14.10.21,14.10.21,14.10.21,03.11.21,03.11.21,03.11.21,05.11.21,05.11.21,05.11.21,09.11.21,09.11.21,09.11.21,12.11.21,12.11.21,12.11.21,16.11.21,16.11.21,16.11.21,19.11.21,19.11.21,19.11.21,19.11.21,19.11.21,19.11.21,19.11.21,19.11.21,19.11.21
400,0.953,0.823,0.806,0.403,0.523,0.316,0.502,0.726,0.646,0.514,0.596,0.605,0.527,0.705,0.546,0.612,0.639,0.681,0.585,0.486,0.569,0.543,0.494,0.523,0.425,0.573,0.496,0.574,0.34,0.5,0.403,0.475,0.302
401,0.953,0.823,0.804,0.401,0.521,0.315,0.501,0.723,0.641,0.511,0.595,0.602,0.523,0.702,0.545,0.612,0.638,0.679,0.583,0.485,0.567,0.542,0.493,0.522,0.423,0.571,0.494,0.57,0.337,0.499,0.402,0.474,0.3
402,0.951,0.822,0.803,0.401,0.52,0.315,0.5,0.727,0.643,0.512,0.595,0.601,0.525,0.702,0.545,0.612,0.639,0.68,0.584,0.485,0.568,0.542,0.495,0.522,0.424,0.573,0.492,0.57,0.338,0.496,0.402,0.474,0.3
403,0.951,0.822,0.803,0.401,0.519,0.315,0.5,0.728,0.644,0.511,0.594,0.601,0.525,0.703,0.547,0.613,0.638,0.682,0.585,0.487,0.57,0.541,0.493,0.522,0.424,0.571,0.491,0.569,0.337,0.496,0.4,0.474,0.3
404,0.949,0.818,0.797,0.401,0.518,0.314,0.498,0.726,0.641,0.51,0.593,0.601,0.522,0.701,0.546,0.614,0.64,0.68,0.584,0.486,0.568,0.537,0.491,0.519,0.421,0.571,0.49,0.569,0.336,0.495,0.399,0.471,0.299
405,0.945,0.814,0.791,0.399,0.517,0.312,0.494,0.723,0.638,0.506,0.589,0.595,0.518,0.696,0.542,0.609,0.634,0.676,0.582,0.482,0.563,0.53,0.486,0.515,0.417,0.567,0.486,0.566,0.332,0.491,0.396,0.467,0.296
406,0.943,0.812,0.789,0.395,0.514,0.308,0.49,0.717,0.633,0.503,0.584,0.59,0.515,0.691,0.538,0.605,0.632,0.674,0.579,0.478,0.557,0.528,0.483,0.509,0.414,0.562,0.484,0.562,0.33,0.488,0.394,0.466,0.293
407,0.939,0.81,0.788,0.394,0.511,0.306,0.489,0.715,0.632,0.501,0.58,0.587,0.513,0.687,0.535,0.604,0.633,0.671,0.579,0.478,0.557,0.528,0.482,0.507,0.413,0.56,0.483,0.559,0.329,0.485,0.392,0.465,0.293
408,0.935,0.808,0.787,0.395,0.51,0.306,0.49,0.713,0.634,0.501,0.579,0.588,0.512,0.688,0.535,0.603,0.632,0.67,0.579,0.478,0.556,0.528,0.484,0.507,0.413,0.562,0.482,0.559,0.329,0.486,0.392,0.464,0.292
409,0.934,0.805,0.787,0.396,0.512,0.308,0.491,0.715,0.635,0.502,0.583,0.59,0.514,0.691,0.534,0.604,0.631,0.67,0.579,0.479,0.556,0.527,0.483,0.508,0.414,0.563,0.482,0.559,0.329,0.487,0.393,0.465,0.293
410,0.931,0.804,0.784,0.394,0.512,0.308,0.491,0.717,0.633,0.501,0.582,0.589,0.513,0.689,0.535,0.604,0.63,0.67,0.577,0.48,0.556,0.526,0.482,0.508,0.413,0.563,0.482,0.56,0.33,0.486,0.392,0.465,0.292
411,0.929,0.802,0.78,0.39,0.504,0.302,0.484,0.709,0.626,0.496,0.573,0.582,0.507,0.68,0.529,0.599,0.626,0.661,0.571,0.472,0.548,0.52,0.475,0.5,0.406,0.557,0.476,0.554,0.324,0.48,0.386,0.458,0.287
412,0.926,0.8,0.776,0.388,0.504,0.301,0.482,0.705,0.622,0.495,0.571,0.58,0.505,0.677,0.525,0.596,0.623,0.657,0.566,0.469,0.545,0.52,0.475,0.5,0.406,0.554,0.474,0.552,0.323,0.478,0.386,0.457,0.286
413,0.924,0.795,0.775,0.388,0.503,0.302,0.484,0.705,0.621,0.497,0.572,0.58,0.506,0.678,0.526,0.594,0.62,0.654,0.563,0.469,0.545,0.52,0.475,0.501,0.407,0.555,0.473,0.551,0.322,0.477,0.384,0.458,0.286
414,0.924,0.795,0.773,0.389,0.503,0.301,0.484,0.701,0.62,0.496,0.572,0.579,0.504,0.677,0.522,0.593,0.616,0.652,0.559,0.468,0.544,0.52,0.476,0.501,0.405,0.555,0.472,0.55,0.322,0.476,0.383,0.455,0.285
415,0.917,0.791,0.77,0.387,0.504,0.299,0.482,0.699,0.618,0.495,0.571,0.578,0.502,0.672,0.519,0.589,0.613,0.647,0.557,0.466,0.54,0.518,0.473,0.498,0.404,0.553,0.471,0.55,0.322,0.475,0.383,0.455,0.285
416,0.917,0.789,0.768,0.386,0.501,0.298,0.479,0.694,0.613,0.491,0.568,0.577,0.501,0.669,0.517,0.585,0.609,0.643,0.553,0.463,0.537,0.516,0.47,0.497,0.403,0.552,0.469,0.547,0.32,0.473,0.382,0.455,0.284
417,0.916,0.789,0.769,0.385,0.499,0.297,0.479,0.69,0.61,0.491,0.567,0.575,0.499,0.669,0.514,0.582,0.603,0.637,0.547,0.461,0.533,0.514,0.469,0.495,0.401,0.549,0.467,0.546,0.317,0.471,0.38,0.451,0.283
418,0.914,0.786,0.766,0.384,0.498,0.296,0.478,0.686,0.607,0.49,0.567,0.575,0.496,0.668,0.511,0.578,0.6,0.634,0.542,0.459,0.531,0.512,0.469,0.492,0.4,0.548,0.466,0.545,0.317,0.47,0.379,0.451,0.281
419,0.911,0.783,0.763,0.383,0.497,0.295,0.476,0.681,0.602,0.488,0.565,0.573,0.495,0.664,0.507,0.573,0.595,0.627,0.536,0.455,0.526,0.508,0.466,0.49,0.397,0.546,0.466,0.541,0.315,0.467,0.377,0.449,0.28
420,0.91,0.783,0.759,0.382,0.495,0.293,0.475,0.676,0.599,0.487,0.564,0.57,0.493,0.66,0.504,0.568,0.589,0.621,0.531,0.453,0.522,0.507,0.465,0.488,0.396,0.545,0.463,0.54,0.314,0.467,0.375,0.447,0.279
421,0.905,0.778,0.755,0.378,0.489,0.288,0.47,0.667,0.591,0.484,0.558,0.565,0.489,0.653,0.497,0.56,0.581,0.61,0.523,0.446,0.514,0.501,0.46,0.482,0.391,0.54,0.458,0.535,0.309,0.463,0.371,0.442,0.274
422,0.899,0.772,0.751,0.372,0.484,0.285,0.464,0.655,0.579,0.478,0.549,0.558,0.483,0.646,0.489,0.551,0.571,0.599,0.515,0.44,0.505,0.496,0.454,0.474,0.386,0.534,0.453,0.529,0.305,0.456,0.366,0.436,0.271
423,0.897,0.771,0.749,0.373,0.484,0.285,0.464,0.651,0.577,0.477,0.548,0.557,0.484,0.644,0.488,0.548,0.568,0.595,0.511,0.438,0.502,0.496,0.454,0.475,0.387,0.533,0.453,0.529,0.306,0.456,0.366,0.437,0.271
424,0.896,0.769,0.746,0.371,0.482,0.283,0.463,0.647,0.575,0.475,0.545,0.555,0.482,0.641,0.484,0.545,0.563,0.589,0.506,0.436,0.499,0.494,0.452,0.473,0.385,0.531,0.451,0.527,0.304,0.454,0.364,0.436,0.269
425,0.892,0.767,0.744,0.368,0.478,0.28,0.459,0.638,0.567,0.471,0.54,0.549,0.475,0.634,0.476,0.538,0.556,0.579,0.499,0.43,0.491,0.49,0.447,0.466,0.38,0.527,0.447,0.522,0.3,0.45,0.361,0.431,0.266
426,0.889,0.763,0.742,0.367,0.475,0.278,0.456,0.63,0.561,0.469,0.536,0.546,0.473,0.63,0.472,0.533,0.551,0.571,0.494,0.425,0.485,0.486,0.444,0.462,0.378,0.524,0.443,0.519,0.298,0.447,0.359,0.428,0.264
427,0.89,0.762,0.74,0.366,0.475,0.277,0.455,0.625,0.557,0.469,0.532,0.543,0.473,0.629,0.47,0.531,0.548,0.568,0.491,0.423,0.482,0.485,0.443,0.461,0.378,0.523,0.443,0.519,0.297,0.445,0.358,0.427,0.263
428,0.889,0.762,0.739,0.366,0.474,0.277,0.454,0.622,0.556,0.468,0.532,0.542,0.472,0.626,0.469,0.529,0.544,0.565,0.489,0.422,0.481,0.485,0.443,0.46,0.379,0.522,0.444,0.519,0.297,0.445,0.358,0.427,0.264
429,0.886,0.762,0.738,0.367,0.474,0.276,0.456,0.621,0.555,0.47,0.535,0.543,0.47,0.624,0.467,0.527,0.543,0.563,0.487,0.422,0.481,0.485,0.443,0.461,0.379,0.523,0.444,0.52,0.298,0.445,0.359,0.428,0.264
430,0.883,0.76,0.736,0.367,0.474,0.276,0.455,0.62,0.553,0.469,0.534,0.542,0.47,0.623,0.465,0.525,0.54,0.56,0.484,0.421,0.479,0.485,0.443,0.46,0.378,0.523,0.443,0.519,0.297,0.445,0.358,0.429,0.264
431,0.883,0.757,0.734,0.366,0.473,0.276,0.456,0.617,0.552,0.47,0.535,0.542,0.47,0.622,0.465,0.523,0.537,0.558,0.483,0.42,0.479,0.484,0.442,0.459,0.377,0.524,0.442,0.517,0.296,0.443,0.357,0.426,0.263
432,0.882,0.755,0.734,0.366,0.474,0.275,0.456,0.617,0.553,0.471,0.536,0.543,0.471,0.623,0.464,0.522,0.536,0.556,0.48,0.419,0.478,0.483,0.443,0.461,0.377,0.523,0.442,0.518,0.296,0.444,0.357,0.426,0.264
433,0.879,0.755,0.733,0.366,0.474,0.276,0.455,0.613,0.549,0.469,0.535,0.541,0.469,0.622,0.464,0.521,0.535,0.555,0.478,0.418,0.476,0.482,0.442,0.461,0.377,0.522,0.44,0.516,0.296,0.444,0.356,0.427,0.263
434,0.878,0.754,0.731,0.363,0.471,0.273,0.453,0.608,0.547,0.466,0.531,0.539,0.467,0.618,0.461,0.517,0.531,0.55,0.475,0.414,0.473,0.479,0.439,0.458,0.375,0.519,0.438,0.514,0.294,0.442,0.354,0.425,0.261
435,0.875,0.751,0.728,0.36,0.468,0.271,0.449,0.603,0.543,0.463,0.529,0.535,0.465,0.615,0.458,0.514,0.528,0.545,0.471,0.411,0.47,0.477,0.437,0.455,0.373,0.518,0.437,0.512,0.292,0.439,0.352,0.423,0.259
436,0.873,0.748,0.727,0.359,0.468,0.271,0.448,0.599,0.542,0.463,0.528,0.536,0.464,0.614,0.457,0.514,0.526,0.544,0.468,0.411,0.469,0.477,0.437,0.455,0.372,0.517,0.436,0.511,0.292,0.438,0.352,0.423,0.259
437,0.871,0.749,0.727,0.36,0.469,0.272,0.45,0.598,0.543,0.463,0.529,0.537,0.465,0.615,0.457,0.513,0.525,0.543,0.467,0.412,0.469,0.478,0.437,0.456,0.374,0.519,0.437,0.513,0.293,0.44,0.353,0.425,0.261
438,0.871,0.748,0.727,0.36,0.469,0.272,0.45,0.597,0.542,0.462,0.53,0.536,0.464,0.613,0.456,0.513,0.524,0.543,0.465,0.411,0.47,0.477,0.438,0.456,0.373,0.519,0.437,0.513,0.292,0.44,0.354,0.426,0.261
439,0.869,0.747,0.724,0.359,0.47,0.271,0.449,0.592,0.54,0.461,0.53,0.535,0.464,0.614,0.455,0.51,0.523,0.542,0.464,0.411,0.469,0.476,0.437,0.456,0.372,0.518,0.435,0.511,0.292,0.439,0.352,0.424,0.26
440,0.868,0.747,0.723,0.358,0.469,0.271,0.449,0.592,0.54,0.461,0.531,0.536,0.463,0.614,0.454,0.509,0.521,0.54,0.461,0.41,0.468,0.475,0.436,0.456,0.371,0.518,0.435,0.511,0.292,0.438,0.352,0.424,0.259
441,0.865,0.744,0.721,0.354,0.465,0.268,0.446,0.586,0.535,0.457,0.526,0.532,0.458,0.608,0.451,0.506,0.516,0.535,0.457,0.406,0.463,0.471,0.433,0.452,0.368,0.514,0.431,0.507,0.288,0.434,0.348,0.419,0.256
442,0.86,0.738,0.715,0.349,0.46,0.264,0.438,0.575,0.527,0.452,0.518,0.526,0.454,0.602,0.445,0.5,0.51,0.528,0.451,0.399,0.455,0.465,0.427,0.443,0.363,0.508,0.427,0.503,0.284,0.429,0.344,0.415,0.253
443,0.858,0.736,0.713,0.346,0.457,0.263,0.436,0.569,0.522,0.448,0.514,0.522,0.453,0.597,0.443,0.496,0.507,0.524,0.449,0.397,0.452,0.464,0.425,0.441,0.361,0.506,0.426,0.5,0.283,0.427,0.342,0.413,0.252
444,0.857,0.738,0.714,0.346,0.458,0.263,0.437,0.569,0.523,0.449,0.516,0.524,0.454,0.598,0.443,0.497,0.507,0.525,0.45,0.398,0.454,0.465,0.426,0.442,0.364,0.508,0.425,0.5,0.284,0.429,0.344,0.414,0.253
445,0.858,0.738,0.714,0.348,0.46,0.265,0.439,0.571,0.527,0.45,0.52,0.528,0.455,0.601,0.445,0.499,0.508,0.526,0.449,0.4,0.457,0.467,0.427,0.445,0.364,0.51,0.427,0.502,0.285,0.431,0.345,0.416,0.254
446,0.858,0.735,0.713,0.347,0.461,0.264,0.439,0.57,0.526,0.45,0.52,0.526,0.454,0.6,0.444,0.497,0.507,0.526,0.446,0.399,0.456,0.466,0.428,0.446,0.363,0.509,0.426,0.5,0.283,0.43,0.344,0.415,0.253
447,0.854,0.732,0.708,0.344,0.457,0.261,0.435,0.563,0.521,0.445,0.514,0.522,0.451,0.595,0.44,0.494,0.504,0.52,0.442,0.394,0.45,0.462,0.425,0.441,0.36,0.506,0.422,0.496,0.281,0.426,0.34,0.412,0.25
448,0.847,0.727,0.7,0.339,0.45,0.257,0.429,0.552,0.513,0.438,0.505,0.514,0.444,0.587,0.433,0.488,0.497,0.513,0.435,0.387,0.442,0.455,0.418,0.432,0.354,0.499,0.416,0.491,0.277,0.42,0.335,0.405,0.246
449,0.845,0.726,0.701,0.337,0.448,0.256,0.427,0.549,0.51,0.438,0.503,0.512,0.443,0.585,0.43,0.486,0.494,0.511,0.434,0.386,0.442,0.454,0.416,0.43,0.354,0.497,0.416,0.49,0.277,0.419,0.335,0.405,0.245
450,0.844,0.724,0.7,0.335,0.447,0.255,0.426,0.546,0.509,0.437,0.503,0.51,0.442,0.584,0.429,0.485,0.494,0.508,0.433,0.385,0.44,0.454,0.416,0.429,0.353,0.497,0.416,0.489,0.277,0.418,0.335,0.405,0.244
451,0.844,0.724,0.701,0.337,0.45,0.256,0.428,0.55,0.511,0.438,0.506,0.514,0.443,0.586,0.432,0.486,0.495,0.51,0.434,0.386,0.443,0.455,0.418,0.432,0.354,0.499,0.418,0.49,0.278,0.42,0.336,0.407,0.246
452,0.843,0.724,0.701,0.337,0.45,0.256,0.428,0.55,0.512,0.438,0.506,0.514,0.443,0.585,0.432,0.487,0.495,0.511,0.433,0.387,0.443,0.454,0.418,0.433,0.355,0.499,0.418,0.491,0.278,0.42,0.336,0.408,0.247
453,0.84,0.721,0.697,0.333,0.446,0.253,0.424,0.543,0.506,0.432,0.501,0.509,0.439,0.581,0.428,0.483,0.49,0.505,0.429,0.383,0.438,0.451,0.414,0.428,0.352,0.495,0.414,0.488,0.275,0.416,0.333,0.405,0.244
454,0.839,0.72,0.695,0.332,0.445,0.253,0.423,0.54,0.504,0.432,0.5,0.507,0.438,0.58,0.427,0.481,0.489,0.503,0.427,0.38,0.435,0.451,0.413,0.426,0.35,0.494,0.413,0.487,0.274,0.415,0.331,0.403,0.243
455,0.839,0.72,0.695,0.333,0.447,0.254,0.425,0.542,0.506,0.433,0.501,0.508,0.438,0.582,0.428,0.482,0.49,0.504,0.427,0.383,0.437,0.451,0.413,0.427,0.353,0.497,0.414,0.487,0.275,0.416,0.333,0.404,0.245
456,0.837,0.721,0.696,0.333,0.448,0.255,0.425,0.542,0.508,0.433,0.503,0.51,0.44,0.582,0.429,0.482,0.491,0.506,0.428,0.384,0.439,0.452,0.414,0.43,0.353,0.498,0.413,0.488,0.276,0.418,0.333,0.406,0.245
457,0.837,0.721,0.697,0.335,0.45,0.256,0.427,0.545,0.51,0.435,0.506,0.512,0.443,0.585,0.43,0.485,0.493,0.508,0.429,0.386,0.442,0.453,0.417,0.433,0.354,0.5,0.414,0.489,0.277,0.419,0.334,0.407,0.246
458,0.84,0.723,0.698,0.338,0.455,0.258,0.43,0.55,0.514,0.439,0.511,0.516,0.445,0.589,0.434,0.487,0.495,0.511,0.432,0.39,0.448,0.456,0.42,0.438,0.356,0.503,0.418,0.492,0.279,0.422,0.337,0.409,0.247
459,0.841,0.722,0.698,0.339,0.456,0.26,0.433,0.553,0.516,0.441,0.516,0.52,0.447,0.591,0.435,0.488,0.498,0.514,0.434,0.391,0.45,0.457,0.423,0.441,0.358,0.506,0.418,0.493,0.279,0.423,0.338,0.411,0.248
460,0.835,0.715,0.691,0.332,0.449,0.254,0.424,0.543,0.507,0.433,0.507,0.511,0.439,0.582,0.428,0.482,0.491,0.505,0.426,0.382,0.44,0.45,0.415,0.432,0.351,0.497,0.411,0.486,0.273,0.415,0.331,0.404,0.243
461,0.828,0.71,0.682,0.323,0.438,0.247,0.414,0.527,0.494,0.422,0.491,0.498,0.429,0.57,0.418,0.473,0.48,0.492,0.415,0.372,0.425,0.442,0.405,0.419,0.342,0.486,0.404,0.478,0.267,0.405,0.324,0.395,0.236
462,0.825,0.708,0.682,0.321,0.435,0.245,0.412,0.523,0.492,0.419,0.486,0.494,0.428,0.568,0.415,0.469,0.478,0.489,0.414,0.371,0.423,0.44,0.402,0.415,0.342,0.485,0.402,0.476,0.267,0.404,0.324,0.393,0.236
463,0.826,0.709,0.682,0.324,0.437,0.247,0.413,0.523,0.492,0.421,0.487,0.495,0.43,0.568,0.417,0.47,0.48,0.49,0.415,0.372,0.424,0.441,0.404,0.417,0.344,0.487,0.404,0.478,0.268,0.406,0.325,0.396,0.238
464,0.826,0.709,0.683,0.325,0.44,0.249,0.417,0.529,0.497,0.424,0.492,0.499,0.431,0.57,0.419,0.473,0.483,0.494,0.418,0.374,0.428,0.444,0.406,0.419,0.346,0.49,0.406,0.479,0.268,0.409,0.327,0.398,0.239
465,0.825,0.71,0.684,0.326,0.44,0.25,0.417,0.531,0.497,0.423,0.493,0.499,0.432,0.57,0.42,0.474,0.484,0.495,0.419,0.375,0.431,0.444,0.407,0.42,0.346,0.491,0.405,0.479,0.269,0.409,0.327,0.399,0.24
466,0.824,0.709,0.683,0.325,0.441,0.249,0.416,0.53,0.498,0.423,0.494,0.5,0.432,0.571,0.419,0.475,0.483,0.495,0.417,0.376,0.43,0.443,0.407,0.421,0.345,0.49,0.405,0.479,0.269,0.409,0.326,0.398,0.239
467,0.822,0.708,0.682,0.324,0.44,0.248,0.417,0.528,0.496,0.423,0.494,0.499,0.431,0.569,0.418,0.473,0.482,0.494,0.417,0.375,0.429,0.443,0.406,0.419,0.345,0.49,0.405,0.478,0.269,0.409,0.325,0.399,0.239
468,0.82,0.705,0.679,0.32,0.436,0.245,0.412,0.521,0.49,0.417,0.487,0.492,0.426,0.564,0.413,0.469,0.478,0.488,0.411,0.37,0.423,0.438,0.403,0.415,0.341,0.485,0.4,0.474,0.266,0.405,0.323,0.395,0.237
469,0.818,0.702,0.675,0.319,0.432,0.243,0.408,0.518,0.486,0.415,0.483,0.49,0.424,0.56,0.41,0.466,0.476,0.485,0.41,0.368,0.419,0.434,0.399,0.411,0.339,0.483,0.398,0.471,0.265,0.401,0.32,0.391,0.234
470,0.817,0.702,0.675,0.318,0.432,0.243,0.409,0.517,0.486,0.415,0.483,0.489,0.424,0.561,0.411,0.464,0.475,0.483,0.409,0.366,0.419,0.435,0.398,0.41,0.339,0.482,0.397,0.47,0.264,0.4,0.319,0.39,0.234
471,0.816,0.702,0.675,0.318,0.432,0.242,0.41,0.517,0.485,0.416,0.483,0.489,0.424,0.56,0.411,0.465,0.475,0.483,0.408,0.367,0.418,0.435,0.399,0.409,0.339,0.482,0.397,0.47,0.263,0.401,0.319,0.39,0.234
472,0.815,0.701,0.675,0.318,0.432,0.243,0.409,0.519,0.486,0.416,0.483,0.489,0.424,0.56,0.412,0.466,0.476,0.483,0.409,0.368,0.42,0.435,0.399,0.41,0.339,0.482,0.397,0.47,0.263,0.401,0.319,0.391,0.234
473,0.812,0.699,0.673,0.316,0.43,0.241,0.407,0.514,0.483,0.412,0.481,0.487,0.422,0.558,0.41,0.463,0.473,0.481,0.406,0.366,0.417,0.431,0.396,0.407,0.337,0.48,0.395,0.468,0.262,0.398,0.317,0.389,0.233
474,0.809,0.696,0.669,0.313,0.428,0.238,0.404,0.511,0.479,0.408,0.477,0.483,0.418,0.553,0.405,0.46,0.469,0.476,0.403,0.363,0.414,0.428,0.393,0.403,0.334,0.477,0.392,0.466,0.26,0.396,0.315,0.386,0.231
475,0.809,0.697,0.669,0.314,0.428,0.239,0.404,0.511,0.48,0.409,0.477,0.484,0.418,0.553,0.407,0.459,0.469,0.477,0.403,0.362,0.413,0.429,0.395,0.404,0.335,0.477,0.392,0.466,0.26,0.395,0.316,0.387,0.231
476,0.81,0.698,0.669,0.314,0.428,0.24,0.405,0.511,0.48,0.41,0.478,0.485,0.419,0.555,0.408,0.461,0.471,0.478,0.403,0.363,0.414,0.43,0.395,0.406,0.337,0.479,0.393,0.468,0.26,0.397,0.317,0.388,0.231
477,0.807,0.695,0.669,0.312,0.427,0.238,0.403,0.509,0.478,0.409,0.476,0.483,0.418,0.554,0.406,0.459,0.469,0.476,0.402,0.361,0.412,0.429,0.394,0.405,0.336,0.476,0.392,0.466,0.26,0.395,0.316,0.387,0.231
478,0.804,0.693,0.665,0.31,0.425,0.237,0.401,0.507,0.476,0.406,0.474,0.481,0.415,0.55,0.403,0.457,0.466,0.474,0.399,0.36,0.41,0.427,0.392,0.403,0.333,0.475,0.389,0.463,0.258,0.394,0.314,0.385,0.229
479,0.803,0.69,0.663,0.309,0.424,0.236,0.401,0.503,0.474,0.404,0.471,0.479,0.413,0.546,0.401,0.455,0.465,0.471,0.398,0.359,0.408,0.425,0.39,0.401,0.331,0.473,0.388,0.461,0.257,0.391,0.312,0.384,0.228
480,0.804,0.691,0.664,0.309,0.425,0.237,0.401,0.506,0.475,0.405,0.472,0.479,0.415,0.549,0.403,0.457,0.467,0.473,0.399,0.36,0.409,0.426,0.392,0.403,0.332,0.474,0.389,0.462,0.258,0.393,0.313,0.385,0.229
481,0.807,0.693,0.666,0.311,0.427,0.238,0.403,0.511,0.478,0.408,0.477,0.483,0.419,0.554,0.407,0.46,0.47,0.476,0.401,0.362,0.413,0.429,0.395,0.406,0.334,0.477,0.39,0.464,0.259,0.395,0.315,0.387,0.23
482,0.805,0.694,0.665,0.316,0.434,0.242,0.408,0.518,0.485,0.412,0.485,0.49,0.422,0.559,0.412,0.465,0.475,0.482,0.406,0.368,0.421,0.433,0.4,0.414,0.338,0.483,0.394,0.468,0.262,0.399,0.318,0.391,0.233
483,0.805,0.695,0.666,0.32,0.441,0.245,0.412,0.526,0.492,0.418,0.496,0.498,0.427,0.566,0.418,0.469,0.48,0.489,0.41,0.374,0.429,0.436,0.404,0.421,0.341,0.489,0.396,0.471,0.264,0.404,0.321,0.395,0.235
484,0.795,0.685,0.657,0.308,0.426,0.235,0.4,0.509,0.478,0.404,0.479,0.483,0.413,0.551,0.404,0.456,0.467,0.473,0.395,0.36,0.411,0.423,0.392,0.404,0.329,0.474,0.385,0.459,0.254,0.391,0.31,0.382,0.226
485,0.781,0.667,0.639,0.287,0.4,0.218,0.376,0.474,0.448,0.381,0.445,0.455,0.391,0.523,0.38,0.432,0.442,0.443,0.373,0.336,0.381,0.401,0.367,0.374,0.309,0.449,0.367,0.438,0.237,0.368,0.293,0.361,0.211
486,0.784,0.672,0.643,0.29,0.403,0.221,0.379,0.475,0.45,0.381,0.443,0.454,0.397,0.525,0.384,0.434,0.445,0.445,0.376,0.34,0.384,0.405,0.37,0.375,0.313,0.452,0.37,0.441,0.241,0.371,0.296,0.363,0.214
487,0.786,0.674,0.645,0.294,0.409,0.225,0.384,0.482,0.456,0.386,0.451,0.461,0.4,0.531,0.388,0.439,0.451,0.451,0.381,0.345,0.391,0.408,0.374,0.381,0.317,0.458,0.374,0.445,0.245,0.376,0.299,0.368,0.218
488,0.777,0.666,0.636,0.286,0.401,0.219,0.375,0.471,0.446,0.378,0.44,0.451,0.39,0.52,0.378,0.431,0.442,0.441,0.372,0.335,0.379,0.401,0.366,0.371,0.309,0.449,0.367,0.437,0.239,0.368,0.293,0.361,0.211
489,0.771,0.66,0.631,0.279,0.391,0.213,0.366,0.459,0.436,0.369,0.429,0.441,0.384,0.512,0.371,0.423,0.435,0.431,0.364,0.328,0.368,0.394,0.359,0.361,0.302,0.441,0.361,0.43,0.234,0.36,0.288,0.354,0.207
490,0.778,0.667,0.638,0.286,0.399,0.218,0.375,0.469,0.445,0.376,0.438,0.449,0.392,0.52,0.379,0.43,0.444,0.441,0.372,0.337,0.379,0.4,0.367,0.37,0.31,0.45,0.367,0.437,0.239,0.368,0.294,0.362,0.212
491,0.782,0.672,0.642,0.292,0.407,0.223,0.381,0.48,0.454,0.383,0.45,0.459,0.399,0.529,0.387,0.438,0.451,0.451,0.38,0.344,0.389,0.407,0.373,0.379,0.316,0.457,0.371,0.443,0.244,0.374,0.298,0.368,0.217
492,0.772,0.661,0.632,0.28,0.395,0.215,0.369,0.465,0.441,0.371,0.434,0.445,0.386,0.515,0.375,0.426,0.439,0.436,0.368,0.332,0.374,0.395,0.362,0.364,0.305,0.444,0.361,0.432,0.235,0.362,0.289,0.356,0.209
493,0.761,0.651,0.622,0.268,0.379,0.204,0.355,0.444,0.424,0.357,0.413,0.427,0.373,0.498,0.361,0.413,0.425,0.419,0.354,0.317,0.356,0.383,0.349,0.346,0.294,0.428,0.351,0.42,0.226,0.349,0.28,0.343,0.2
494,0.763,0.653,0.622,0.268,0.378,0.205,0.355,0.442,0.424,0.356,0.41,0.426,0.373,0.497,0.361,0.412,0.425,0.419,0.354,0.317,0.355,0.384,0.348,0.345,0.294,0.428,0.351,0.42,0.226,0.349,0.28,0.343,0.201
495,0.769,0.658,0.63,0.275,0.385,0.211,0.363,0.453,0.432,0.363,0.421,0.433,0.382,0.506,0.368,0.42,0.435,0.429,0.362,0.326,0.365,0.391,0.355,0.355,0.301,0.438,0.357,0.427,0.233,0.357,0.285,0.351,0.206
496,0.773,0.663,0.636,0.282,0.395,0.217,0.371,0.466,0.442,0.372,0.434,0.444,0.389,0.516,0.377,0.429,0.443,0.439,0.37,0.334,0.376,0.397,0.364,0.366,0.308,0.446,0.364,0.435,0.238,0.364,0.291,0.358,0.211
497,0.772,0.664,0.633,0.281,0.396,0.216,0.372,0.469,0.444,0.373,0.437,0.446,0.388,0.516,0.377,0.429,0.441,0.439,0.37,0.335,0.378,0.399,0.365,0.368,0.308,0.447,0.363,0.434,0.237,0.365,0.291,0.36,0.21
498,0.768,0.66,0.629,0.278,0.393,0.214,0.367,0.464,0.439,0.368,0.432,0.442,0.384,0.513,0.374,0.425,0.438,0.435,0.366,0.331,0.373,0.396,0.361,0.364,0.304,0.443,0.361,0.431,0.235,0.361,0.288,0.356,0.208
499,0.766,0.657,0.628,0.275,0.391,0.212,0.364,0.459,0.437,0.365,0.429,0.438,0.382,0.51,0.371,0.423,0.436,0.432,0.364,0.33,0.371,0.392,0.358,0.36,0.302,0.441,0.358,0.429,0.233,0.358,0.287,0.354,0.207
500,0.764,0.657,0.627,0.274,0.389,0.211,0.364,0.461,0.435,0.365,0.427,0.438,0.382,0.509,0.371,0.422,0.435,0.431,0.364,0.328,0.37,0.391,0.357,0.359,0.301,0.44,0.359,0.429,0.232,0.359,0.286,0.355,0.206
501,0.765,0.659,0.629,0.276,0.391,0.213,0.366,0.463,0.438,0.366,0.43,0.441,0.382,0.509,0.371,0.424,0.438,0.434,0.364,0.329,0.372,0.393,0.359,0.36,0.303,0.442,0.359,0.43,0.234,0.36,0.287,0.355,0.207
502,0.765,0.659,0.628,0.277,0.394,0.214,0.368,0.465,0.441,0.369,0.433,0.443,0.384,0.512,0.372,0.427,0.441,0.436,0.367,0.332,0.376,0.395,0.362,0.364,0.306,0.445,0.361,0.432,0.236,0.362,0.289,0.357,0.209
503,0.766,0.661,0.63,0.279,0.397,0.216,0.37,0.468,0.444,0.371,0.436,0.445,0.387,0.515,0.376,0.429,0.443,0.439,0.369,0.334,0.378,0.396,0.364,0.367,0.307,0.447,0.361,0.433,0.236,0.364,0.29,0.359,0.21
504,0.766,0.659,0.631,0.278,0.396,0.216,0.369,0.467,0.442,0.369,0.434,0.443,0.387,0.515,0.376,0.428,0.443,0.439,0.366,0.333,0.377,0.396,0.363,0.367,0.306,0.446,0.36,0.431,0.236,0.364,0.29,0.359,0.209
505,0.765,0.658,0.63,0.277,0.393,0.214,0.366,0.461,0.438,0.364,0.431,0.438,0.384,0.511,0.372,0.424,0.439,0.434,0.362,0.329,0.372,0.392,0.36,0.362,0.304,0.442,0.358,0.428,0.234,0.361,0.287,0.355,0.208
506,0.763,0.656,0.626,0.274,0.39,0.212,0.363,0.458,0.434,0.363,0.428,0.437,0.381,0.507,0.37,0.422,0.437,0.431,0.361,0.328,0.369,0.39,0.358,0.359,0.303,0.441,0.356,0.427,0.233,0.358,0.285,0.354,0.207
507,0.761,0.654,0.624,0.273,0.389,0.211,0.362,0.458,0.434,0.362,0.427,0.436,0.382,0.506,0.37,0.422,0.435,0.431,0.361,0.328,0.369,0.389,0.357,0.359,0.302,0.44,0.355,0.427,0.231,0.357,0.285,0.353,0.206
508,0.759,0.652,0.622,0.272,0.389,0.211,0.362,0.456,0.433,0.361,0.425,0.435,0.38,0.504,0.368,0.419,0.433,0.428,0.359,0.327,0.368,0.388,0.355,0.357,0.301,0.439,0.354,0.425,0.23,0.356,0.284,0.353,0.204
509,0.755,0.649,0.619,0.269,0.385,0.208,0.359,0.452,0.428,0.36,0.422,0.432,0.376,0.502,0.365,0.416,0.43,0.424,0.356,0.323,0.363,0.384,0.352,0.354,0.298,0.436,0.351,0.422,0.229,0.354,0.281,0.349,0.202
510,0.752,0.646,0.617,0.266,0.382,0.206,0.355,0.447,0.424,0.355,0.418,0.429,0.374,0.498,0.362,0.412,0.427,0.42,0.352,0.32,0.359,0.382,0.349,0.349,0.294,0.433,0.349,0.419,0.227,0.351,0.278,0.346,0.201
511,0.749,0.643,0.614,0.264,0.379,0.203,0.353,0.444,0.421,0.352,0.414,0.424,0.37,0.493,0.358,0.411,0.424,0.416,0.349,0.318,0.357,0.378,0.346,0.346,0.291,0.429,0.346,0.416,0.224,0.347,0.277,0.343,0.198
512,0.747,0.642,0.613,0.261,0.376,0.2,0.35,0.44,0.417,0.348,0.41,0.42,0.366,0.49,0.355,0.407,0.421,0.412,0.344,0.314,0.352,0.375,0.343,0.342,0.289,0.425,0.344,0.414,0.222,0.344,0.273,0.341,0.196
513,0.743,0.638,0.606,0.257,0.37,0.198,0.342,0.429,0.41,0.344,0.403,0.415,0.361,0.485,0.35,0.4,0.414,0.403,0.338,0.307,0.345,0.371,0.338,0.336,0.285,0.42,0.339,0.407,0.218,0.339,0.269,0.337,0.193
514,0.742,0.635,0.605,0.255,0.368,0.197,0.342,0.427,0.408,0.342,0.4,0.413,0.36,0.483,0.348,0.399,0.412,0.403,0.337,0.307,0.343,0.368,0.337,0.334,0.284,0.419,0.339,0.406,0.218,0.338,0.269,0.335,0.193
515,0.741,0.637,0.606,0.257,0.37,0.198,0.344,0.431,0.411,0.343,0.403,0.414,0.361,0.484,0.348,0.399,0.413,0.403,0.338,0.309,0.345,0.369,0.337,0.337,0.284,0.42,0.339,0.408,0.218,0.339,0.27,0.336,0.193
516,0.741,0.638,0.607,0.26,0.375,0.201,0.347,0.437,0.414,0.347,0.41,0.419,0.365,0.488,0.352,0.403,0.417,0.407,0.342,0.313,0.35,0.374,0.343,0.342,0.288,0.424,0.342,0.411,0.22,0.343,0.272,0.34,0.195
517,0.744,0.643,0.61,0.264,0.381,0.204,0.353,0.445,0.421,0.353,0.417,0.425,0.37,0.494,0.358,0.409,0.422,0.414,0.346,0.318,0.357,0.378,0.348,0.348,0.293,0.429,0.345,0.415,0.224,0.348,0.276,0.345,0.199
518,0.744,0.641,0.609,0.263,0.38,0.203,0.353,0.445,0.421,0.352,0.418,0.425,0.369,0.493,0.357,0.407,0.42,0.413,0.344,0.317,0.357,0.378,0.347,0.348,0.291,0.43,0.344,0.414,0.223,0.348,0.275,0.344,0.198
519,0.738,0.633,0.603,0.256,0.371,0.197,0.345,0.433,0.411,0.343,0.406,0.415,0.361,0.484,0.348,0.4,0.412,0.402,0.336,0.308,0.345,0.37,0.338,0.337,0.284,0.421,0.338,0.407,0.217,0.339,0.269,0.336,0.192
520,0.732,0.627,0.596,0.251,0.364,0.193,0.338,0.422,0.403,0.335,0.396,0.406,0.354,0.476,0.341,0.394,0.406,0.394,0.33,0.302,0.336,0.363,0.332,0.329,0.278,0.414,0.332,0.401,0.212,0.332,0.264,0.329,0.188
521,0.732,0.629,0.596,0.25,0.363,0.193,0.336,0.42,0.401,0.336,0.395,0.405,0.355,0.475,0.342,0.393,0.406,0.394,0.329,0.302,0.337,0.363,0.33,0.328,0.278,0.412,0.331,0.4,0.213,0.332,0.265,0.329,0.188
522,0.735,0.631,0.599,0.253,0.366,0.195,0.34,0.425,0.404,0.338,0.398,0.408,0.359,0.477,0.344,0.394,0.407,0.398,0.332,0.304,0.34,0.365,0.333,0.331,0.281,0.415,0.334,0.403,0.215,0.335,0.266,0.332,0.191
523,0.737,0.632,0.601,0.256,0.371,0.197,0.343,0.431,0.409,0.341,0.403,0.412,0.362,0.482,0.348,0.397,0.412,0.402,0.336,0.308,0.345,0.368,0.337,0.336,0.284,0.421,0.336,0.406,0.218,0.339,0.269,0.336,0.194
524,0.74,0.638,0.606,0.263,0.379,0.203,0.351,0.443,0.419,0.35,0.415,0.424,0.368,0.491,0.355,0.407,0.421,0.412,0.343,0.317,0.355,0.376,0.347,0.347,0.29,0.428,0.342,0.412,0.222,0.345,0.274,0.342,0.198
525,0.739,0.638,0.607,0.263,0.381,0.203,0.352,0.447,0.421,0.352,0.419,0.426,0.369,0.494,0.359,0.409,0.423,0.414,0.346,0.318,0.358,0.376,0.347,0.349,0.292,0.43,0.343,0.413,0.223,0.347,0.274,0.343,0.198
526,0.736,0.635,0.604,0.261,0.379,0.202,0.349,0.443,0.418,0.349,0.414,0.422,0.367,0.49,0.356,0.405,0.419,0.409,0.343,0.316,0.355,0.374,0.345,0.346,0.289,0.427,0.34,0.41,0.22,0.343,0.272,0.34,0.196
527,0.738,0.637,0.606,0.266,0.384,0.205,0.354,0.45,0.424,0.354,0.422,0.428,0.372,0.498,0.362,0.409,0.424,0.416,0.347,0.322,0.361,0.378,0.349,0.352,0.292,0.431,0.342,0.412,0.222,0.347,0.274,0.344,0.198
528,0.738,0.637,0.605,0.267,0.385,0.205,0.354,0.453,0.425,0.355,0.425,0.43,0.372,0.499,0.363,0.411,0.425,0.418,0.348,0.322,0.363,0.378,0.35,0.353,0.293,0.433,0.343,0.413,0.222,0.349,0.275,0.345,0.199
529,0.725,0.623,0.592,0.251,0.366,0.192,0.337,0.428,0.404,0.337,0.4,0.408,0.354,0.476,0.343,0.393,0.407,0.396,0.33,0.304,0.34,0.361,0.331,0.33,0.278,0.414,0.33,0.398,0.21,0.331,0.262,0.329,0.188
530,0.713,0.61,0.578,0.235,0.346,0.179,0.32,0.403,0.383,0.319,0.374,0.387,0.338,0.456,0.326,0.374,0.388,0.373,0.313,0.286,0.317,0.345,0.314,0.308,0.263,0.395,0.316,0.383,0.199,0.315,0.25,0.313,0.176
531,0.712,0.611,0.578,0.235,0.345,0.18,0.318,0.399,0.38,0.318,0.37,0.385,0.339,0.454,0.325,0.373,0.389,0.372,0.313,0.285,0.316,0.344,0.313,0.306,0.262,0.393,0.316,0.382,0.199,0.314,0.25,0.312,0.176
532,0.722,0.62,0.588,0.246,0.357,0.189,0.331,0.416,0.395,0.329,0.386,0.398,0.352,0.469,0.338,0.386,0.403,0.388,0.325,0.298,0.331,0.356,0.325,0.321,0.273,0.407,0.326,0.393,0.208,0.325,0.259,0.323,0.184
533,0.725,0.625,0.593,0.253,0.367,0.194,0.339,0.428,0.404,0.337,0.398,0.408,0.357,0.477,0.345,0.394,0.409,0.398,0.333,0.305,0.34,0.362,0.332,0.331,0.279,0.415,0.33,0.4,0.213,0.333,0.263,0.331,0.189
534,0.713,0.612,0.579,0.24,0.352,0.184,0.324,0.41,0.388,0.323,0.38,0.392,0.343,0.46,0.33,0.379,0.394,0.38,0.32,0.291,0.324,0.349,0.319,0.315,0.268,0.4,0.32,0.388,0.203,0.32,0.254,0.319,0.18
535,0.713,0.614,0.581,0.241,0.352,0.185,0.324,0.409,0.388,0.323,0.38,0.392,0.343,0.461,0.331,0.38,0.395,0.381,0.319,0.292,0.325,0.349,0.319,0.315,0.268,0.401,0.32,0.387,0.203,0.32,0.254,0.318,0.181
536,0.716,0.617,0.584,0.245,0.357,0.188,0.329,0.415,0.392,0.328,0.386,0.396,0.347,0.465,0.335,0.384,0.399,0.386,0.323,0.296,0.329,0.353,0.323,0.319,0.271,0.405,0.323,0.391,0.206,0.324,0.257,0.323,0.183
537,0.713,0.614,0.581,0.241,0.352,0.185,0.325,0.409,0.387,0.323,0.38,0.39,0.344,0.46,0.33,0.379,0.394,0.38,0.318,0.291,0.323,0.349,0.319,0.314,0.267,0.4,0.319,0.387,0.203,0.32,0.254,0.319,0.18
538,0.711,0.612,0.578,0.239,0.35,0.183,0.323,0.406,0.385,0.322,0.377,0.388,0.342,0.459,0.329,0.377,0.392,0.377,0.317,0.29,0.321,0.347,0.317,0.313,0.266,0.4,0.318,0.386,0.202,0.318,0.252,0.317,0.179
539,0.715,0.616,0.583,0.245,0.357,0.189,0.33,0.416,0.394,0.329,0.388,0.397,0.349,0.466,0.336,0.384,0.399,0.385,0.324,0.297,0.331,0.353,0.325,0.322,0.273,0.407,0.324,0.391,0.207,0.325,0.257,0.324,0.184
540,0.723,0.625,0.592,0.256,0.371,0.197,0.342,0.433,0.408,0.34,0.405,0.411,0.36,0.481,0.348,0.396,0.411,0.4,0.335,0.31,0.346,0.365,0.337,0.338,0.282,0.42,0.332,0.4,0.214,0.336,0.265,0.334,0.191
541,0.723,0.625,0.592,0.257,0.374,0.197,0.344,0.437,0.41,0.342,0.41,0.415,0.36,0.482,0.349,0.398,0.413,0.402,0.335,0.311,0.348,0.366,0.339,0.34,0.282,0.42,0.331,0.401,0.213,0.336,0.265,0.334,0.191
542,0.713,0.614,0.582,0.244,0.359,0.187,0.33,0.418,0.393,0.329,0.392,0.399,0.347,0.466,0.335,0.384,0.398,0.385,0.321,0.296,0.33,0.353,0.325,0.323,0.27,0.406,0.32,0.39,0.204,0.323,0.255,0.322,0.182
543,0.7,0.602,0.569,0.23,0.341,0.175,0.313,0.392,0.372,0.312,0.366,0.378,0.331,0.445,0.317,0.366,0.38,0.363,0.305,0.279,0.309,0.336,0.307,0.3,0.257,0.389,0.309,0.375,0.194,0.308,0.244,0.308,0.173
544,0.7,0.6,0.567,0.227,0.336,0.173,0.309,0.385,0.366,0.308,0.359,0.372,0.329,0.44,0.313,0.361,0.376,0.357,0.3,0.275,0.303,0.334,0.303,0.295,0.254,0.384,0.306,0.372,0.192,0.304,0.241,0.304,0.171
545,0.704,0.604,0.571,0.233,0.341,0.177,0.314,0.391,0.372,0.312,0.365,0.377,0.334,0.446,0.318,0.365,0.38,0.363,0.305,0.28,0.309,0.338,0.308,0.302,0.258,0.39,0.311,0.377,0.197,0.308,0.245,0.309,0.175
546,0.704,0.607,0.574,0.237,0.346,0.18,0.319,0.399,0.378,0.318,0.373,0.383,0.339,0.452,0.323,0.37,0.386,0.369,0.309,0.285,0.317,0.343,0.313,0.307,0.263,0.395,0.314,0.38,0.2,0.313,0.249,0.314,0.178
547,0.702,0.604,0.571,0.233,0.343,0.178,0.316,0.396,0.376,0.315,0.37,0.38,0.336,0.448,0.32,0.367,0.383,0.366,0.307,0.282,0.312,0.339,0.31,0.304,0.26,0.392,0.31,0.378,0.197,0.311,0.247,0.311,0.175
548,0.697,0.599,0.564,0.229,0.336,0.173,0.31,0.387,0.368,0.307,0.36,0.371,0.328,0.44,0.313,0.361,0.375,0.357,0.301,0.275,0.304,0.334,0.303,0.295,0.254,0.385,0.306,0.371,0.193,0.305,0.242,0.306,0.171
549,0.696,0.598,0.563,0.226,0.332,0.172,0.307,0.382,0.364,0.304,0.356,0.368,0.326,0.436,0.31,0.358,0.373,0.353,0.298,0.273,0.3,0.331,0.3,0.292,0.252,0.382,0.304,0.369,0.191,0.303,0.24,0.303,0.169
550,0.7,0.601,0.566,0.228,0.335,0.173,0.309,0.385,0.366,0.306,0.358,0.37,0.329,0.439,0.311,0.36,0.377,0.357,0.299,0.275,0.303,0.332,0.303,0.295,0.255,0.385,0.306,0.372,0.193,0.305,0.243,0.305,0.172
551,0.703,0.604,0.569,0.232,0.342,0.177,0.313,0.392,0.371,0.312,0.365,0.376,0.334,0.445,0.316,0.365,0.382,0.363,0.304,0.279,0.309,0.337,0.308,0.301,0.26,0.39,0.31,0.377,0.197,0.31,0.247,0.311,0.175
552,0.702,0.607,0.573,0.237,0.348,0.181,0.321,0.403,0.381,0.319,0.376,0.384,0.339,0.453,0.324,0.372,0.387,0.37,0.31,0.286,0.318,0.343,0.314,0.309,0.264,0.398,0.314,0.382,0.201,0.315,0.249,0.316,0.178
553,0.699,0.604,0.569,0.234,0.344,0.179,0.317,0.398,0.376,0.315,0.372,0.379,0.335,0.448,0.32,0.368,0.383,0.365,0.306,0.283,0.313,0.34,0.31,0.305,0.26,0.393,0.31,0.377,0.198,0.311,0.246,0.312,0.175
554,0.697,0.6,0.565,0.23,0.339,0.175,0.311,0.392,0.369,0.31,0.364,0.373,0.331,0.442,0.315,0.363,0.379,0.36,0.302,0.278,0.307,0.336,0.306,0.3,0.255,0.388,0.306,0.373,0.194,0.306,0.243,0.307,0.172
555,0.696,0.599,0.564,0.229,0.337,0.175,0.31,0.389,0.366,0.308,0.362,0.371,0.329,0.44,0.313,0.36,0.377,0.357,0.3,0.276,0.304,0.332,0.303,0.297,0.254,0.385,0.304,0.371,0.193,0.305,0.242,0.306,0.172
556,0.695,0.599,0.564,0.228,0.337,0.174,0.309,0.389,0.365,0.307,0.362,0.372,0.329,0.439,0.313,0.362,0.377,0.357,0.298,0.275,0.304,0.332,0.304,0.296,0.255,0.384,0.306,0.372,0.194,0.304,0.242,0.307,0.172
557,0.695,0.599,0.564,0.228,0.336,0.173,0.31,0.389,0.367,0.308,0.361,0.371,0.329,0.439,0.314,0.362,0.377,0.357,0.301,0.276,0.305,0.333,0.304,0.297,0.255,0.385,0.305,0.371,0.193,0.305,0.242,0.306,0.171
558,0.693,0.597,0.564,0.229,0.338,0.174,0.311,0.391,0.368,0.308,0.362,0.371,0.33,0.44,0.314,0.361,0.376,0.357,0.301,0.276,0.306,0.333,0.304,0.297,0.255,0.386,0.306,0.372,0.193,0.306,0.243,0.308,0.172
559,0.692,0.598,0.564,0.23,0.339,0.174,0.311,0.39,0.368,0.309,0.363,0.371,0.33,0.44,0.315,0.361,0.376,0.356,0.3,0.276,0.306,0.333,0.305,0.297,0.255,0.386,0.305,0.372,0.193,0.306,0.242,0.308,0.172
560,0.694,0.6,0.564,0.23,0.339,0.175,0.312,0.394,0.369,0.31,0.364,0.374,0.331,0.441,0.316,0.363,0.378,0.359,0.303,0.279,0.307,0.334,0.306,0.3,0.255,0.387,0.305,0.371,0.194,0.306,0.242,0.308,0.173
561,0.693,0.598,0.563,0.229,0.339,0.175,0.311,0.393,0.369,0.31,0.364,0.373,0.33,0.44,0.315,0.362,0.378,0.358,0.302,0.278,0.307,0.333,0.305,0.298,0.255,0.386,0.305,0.371,0.193,0.305,0.241,0.307,0.172
562,0.691,0.596,0.561,0.228,0.337,0.174,0.308,0.389,0.365,0.306,0.36,0.369,0.327,0.436,0.311,0.359,0.375,0.354,0.298,0.275,0.305,0.33,0.302,0.296,0.253,0.383,0.303,0.368,0.192,0.302,0.24,0.304,0.17
563,0.688,0.594,0.559,0.227,0.335,0.173,0.308,0.388,0.364,0.304,0.359,0.368,0.326,0.435,0.311,0.357,0.373,0.353,0.296,0.274,0.302,0.33,0.301,0.294,0.253,0.383,0.302,0.368,0.191,0.303,0.24,0.303,0.17
564,0.689,0.594,0.559,0.228,0.336,0.173,0.31,0.39,0.366,0.307,0.361,0.37,0.328,0.438,0.313,0.358,0.375,0.355,0.299,0.275,0.303,0.331,0.303,0.296,0.254,0.384,0.303,0.369,0.191,0.303,0.24,0.304,0.171
565,0.692,0.597,0.563,0.231,0.34,0.175,0.313,0.395,0.37,0.31,0.367,0.375,0.331,0.441,0.316,0.363,0.38,0.36,0.302,0.28,0.308,0.334,0.307,0.301,0.257,0.389,0.305,0.371,0.194,0.307,0.242,0.308,0.173
566,0.69,0.596,0.56,0.23,0.34,0.175,0.312,0.396,0.37,0.309,0.368,0.374,0.33,0.44,0.315,0.363,0.379,0.358,0.302,0.279,0.307,0.333,0.306,0.3,0.256,0.388,0.304,0.371,0.193,0.305,0.242,0.307,0.172
567,0.684,0.591,0.555,0.224,0.331,0.171,0.305,0.387,0.361,0.303,0.358,0.366,0.323,0.434,0.309,0.355,0.371,0.349,0.295,0.272,0.299,0.326,0.298,0.291,0.251,0.382,0.299,0.365,0.189,0.299,0.237,0.301,0.169
568,0.68,0.587,0.551,0.219,0.327,0.166,0.298,0.378,0.354,0.297,0.349,0.359,0.317,0.425,0.303,0.349,0.365,0.342,0.289,0.267,0.292,0.321,0.294,0.285,0.245,0.375,0.295,0.36,0.185,0.294,0.233,0.296,0.165
569,0.682,0.589,0.552,0.22,0.327,0.167,0.301,0.38,0.356,0.298,0.351,0.36,0.32,0.427,0.304,0.35,0.367,0.343,0.291,0.268,0.293,0.322,0.295,0.287,0.245,0.375,0.295,0.359,0.185,0.294,0.233,0.296,0.165
570,0.684,0.59,0.554,0.222,0.329,0.169,0.304,0.385,0.36,0.301,0.355,0.363,0.323,0.432,0.308,0.353,0.37,0.347,0.294,0.272,0.297,0.324,0.297,0.289,0.248,0.379,0.297,0.362,0.187,0.297,0.235,0.298,0.166
571,0.683,0.591,0.556,0.226,0.334,0.172,0.307,0.389,0.363,0.305,0.361,0.368,0.325,0.434,0.31,0.358,0.372,0.352,0.297,0.276,0.301,0.327,0.301,0.294,0.251,0.382,0.299,0.364,0.19,0.3,0.237,0.302,0.169
572,0.681,0.589,0.552,0.225,0.333,0.171,0.304,0.386,0.36,0.303,0.359,0.365,0.322,0.432,0.307,0.354,0.37,0.347,0.294,0.273,0.299,0.326,0.299,0.291,0.249,0.38,0.298,0.362,0.187,0.297,0.235,0.3,0.167
573,0.677,0.585,0.548,0.219,0.327,0.166,0.299,0.379,0.354,0.298,0.351,0.359,0.317,0.426,0.303,0.349,0.365,0.341,0.29,0.268,0.293,0.321,0.294,0.285,0.244,0.375,0.293,0.358,0.184,0.293,0.232,0.296,0.163
574,0.675,0.583,0.546,0.218,0.326,0.166,0.299,0.378,0.353,0.295,0.349,0.356,0.316,0.424,0.301,0.348,0.364,0.339,0.288,0.266,0.291,0.319,0.292,0.283,0.244,0.373,0.291,0.356,0.183,0.292,0.231,0.294,0.163
575,0.673,0.581,0.544,0.217,0.324,0.164,0.296,0.374,0.349,0.294,0.345,0.354,0.315,0.422,0.3,0.344,0.361,0.337,0.286,0.264,0.287,0.317,0.289,0.281,0.242,0.37,0.289,0.354,0.182,0.289,0.229,0.293,0.161
576,0.671,0.578,0.542,0.213,0.319,0.161,0.292,0.369,0.344,0.29,0.339,0.349,0.31,0.416,0.295,0.341,0.357,0.331,0.282,0.26,0.282,0.314,0.286,0.277,0.239,0.368,0.287,0.352,0.18,0.287,0.227,0.29,0.16
577,0.668,0.575,0.541,0.212,0.316,0.16,0.289,0.367,0.343,0.287,0.336,0.347,0.307,0.413,0.293,0.34,0.356,0.329,0.28,0.258,0.28,0.311,0.283,0.273,0.237,0.366,0.285,0.35,0.178,0.285,0.225,0.288,0.158
578,0.667,0.575,0.539,0.212,0.316,0.16,0.289,0.365,0.341,0.286,0.336,0.346,0.307,0.413,0.291,0.338,0.354,0.328,0.279,0.257,0.277,0.31,0.283,0.272,0.236,0.364,0.285,0.349,0.178,0.284,0.225,0.287,0.158
579,0.667,0.576,0.538,0.211,0.316,0.16,0.289,0.366,0.343,0.286,0.337,0.347,0.309,0.413,0.293,0.339,0.355,0.33,0.279,0.257,0.278,0.311,0.283,0.272,0.237,0.364,0.285,0.349,0.178,0.284,0.225,0.286,0.159
580,0.669,0.579,0.541,0.213,0.319,0.162,0.292,0.369,0.344,0.288,0.34,0.348,0.311,0.416,0.294,0.341,0.357,0.331,0.281,0.259,0.281,0.311,0.285,0.275,0.238,0.366,0.285,0.351,0.179,0.285,0.226,0.288,0.16
581,0.669,0.579,0.542,0.214,0.32,0.162,0.293,0.372,0.346,0.291,0.343,0.351,0.313,0.418,0.296,0.343,0.359,0.333,0.283,0.261,0.284,0.315,0.288,0.278,0.239,0.369,0.287,0.352,0.179,0.287,0.227,0.29,0.161
582,0.67,0.578,0.542,0.215,0.321,0.163,0.295,0.374,0.347,0.292,0.345,0.352,0.313,0.419,0.298,0.344,0.361,0.335,0.284,0.262,0.285,0.315,0.289,0.279,0.241,0.37,0.288,0.353,0.18,0.288,0.228,0.292,0.162
583,0.671,0.579,0.543,0.216,0.323,0.164,0.296,0.375,0.348,0.293,0.345,0.352,0.313,0.42,0.299,0.344,0.361,0.336,0.286,0.264,0.287,0.316,0.29,0.279,0.242,0.371,0.289,0.354,0.182,0.289,0.229,0.294,0.162
584,0.67,0.58,0.543,0.216,0.323,0.164,0.296,0.376,0.35,0.294,0.346,0.352,0.314,0.42,0.299,0.345,0.362,0.336,0.286,0.264,0.287,0.316,0.291,0.281,0.241,0.372,0.289,0.355,0.182,0.289,0.229,0.294,0.162
585,0.67,0.581,0.542,0.216,0.323,0.164,0.296,0.376,0.35,0.294,0.346,0.353,0.314,0.421,0.299,0.345,0.361,0.336,0.287,0.265,0.288,0.316,0.291,0.281,0.242,0.373,0.289,0.353,0.182,0.289,0.23,0.294,0.162
586,0.67,0.58,0.542,0.216,0.323,0.163,0.297,0.378,0.351,0.293,0.347,0.353,0.314,0.422,0.3,0.346,0.362,0.337,0.288,0.265,0.29,0.316,0.292,0.282,0.243,0.373,0.29,0.354,0.182,0.29,0.23,0.295,0.163
587,0.67,0.579,0.542,0.217,0.325,0.165,0.297,0.379,0.351,0.295,0.349,0.355,0.314,0.422,0.301,0.348,0.364,0.338,0.287,0.266,0.29,0.317,0.291,0.282,0.242,0.373,0.289,0.355,0.182,0.291,0.23,0.294,0.163
588,0.67,0.58,0.542,0.218,0.326,0.165,0.298,0.381,0.353,0.297,0.351,0.357,0.316,0.423,0.302,0.348,0.364,0.339,0.288,0.268,0.291,0.319,0.293,0.284,0.243,0.374,0.289,0.355,0.183,0.291,0.23,0.295,0.163
589,0.668,0.579,0.542,0.218,0.325,0.165,0.299,0.382,0.354,0.295,0.351,0.356,0.315,0.424,0.303,0.348,0.364,0.338,0.289,0.268,0.292,0.318,0.292,0.285,0.243,0.375,0.289,0.354,0.183,0.292,0.23,0.296,0.164
590,0.666,0.576,0.54,0.216,0.324,0.164,0.296,0.378,0.351,0.293,0.348,0.354,0.314,0.421,0.299,0.346,0.362,0.336,0.286,0.265,0.289,0.315,0.29,0.281,0.241,0.371,0.287,0.352,0.181,0.288,0.228,0.294,0.161
591,0.665,0.576,0.537,0.213,0.32,0.161,0.293,0.374,0.346,0.289,0.344,0.35,0.309,0.416,0.295,0.343,0.359,0.333,0.284,0.262,0.284,0.312,0.286,0.277,0.239,0.368,0.285,0.35,0.179,0.285,0.225,0.289,0.159
592,0.663,0.575,0.537,0.213,0.319,0.161,0.292,0.373,0.345,0.291,0.344,0.349,0.31,0.415,0.297,0.343,0.359,0.333,0.283,0.261,0.284,0.311,0.286,0.276,0.238,0.367,0.284,0.349,0.179,0.285,0.225,0.29,0.16
593,0.665,0.577,0.539,0.215,0.322,0.163,0.295,0.377,0.349,0.293,0.347,0.352,0.313,0.42,0.3,0.344,0.361,0.335,0.285,0.264,0.288,0.314,0.288,0.279,0.24,0.371,0.286,0.351,0.181,0.288,0.227,0.293,0.162
594,0.666,0.578,0.542,0.216,0.324,0.164,0.296,0.38,0.351,0.294,0.349,0.354,0.315,0.423,0.302,0.346,0.363,0.338,0.287,0.267,0.29,0.316,0.29,0.282,0.241,0.372,0.287,0.353,0.182,0.289,0.228,0.293,0.162
595,0.667,0.578,0.54,0.218,0.326,0.165,0.297,0.383,0.352,0.295,0.351,0.356,0.316,0.424,0.303,0.348,0.365,0.341,0.289,0.268,0.292,0.318,0.293,0.284,0.243,0.374,0.288,0.354,0.182,0.291,0.229,0.294,0.164
596,0.669,0.58,0.543,0.22,0.33,0.167,0.302,0.389,0.357,0.299,0.357,0.36,0.319,0.428,0.307,0.353,0.369,0.344,0.293,0.272,0.297,0.318,0.296,0.288,0.245,0.378,0.289,0.356,0.183,0.294,0.231,0.297,0.165
597,0.663,0.574,0.537,0.214,0.323,0.162,0.294,0.379,0.349,0.291,0.348,0.351,0.311,0.419,0.299,0.345,0.362,0.335,0.286,0.266,0.287,0.312,0.288,0.279,0.239,0.371,0.285,0.35,0.178,0.287,0.226,0.291,0.16
598,0.655,0.566,0.529,0.205,0.312,0.155,0.283,0.365,0.337,0.281,0.331,0.339,0.301,0.406,0.288,0.334,0.35,0.321,0.276,0.254,0.273,0.302,0.278,0.266,0.23,0.358,0.276,0.34,0.172,0.276,0.217,0.281,0.153
599,0.652,0.563,0.526,0.202,0.306,0.153,0.28,0.359,0.332,0.276,0.326,0.334,0.298,0.401,0.285,0.33,0.346,0.317,0.272,0.25,0.268,0.298,0.274,0.261,0.227,0.353,0.273,0.337,0.17,0.273,0.215,0.278,0.151
600,0.653,0.565,0.526,0.204,0.307,0.154,0.281,0.36,0.333,0.277,0.327,0.335,0.3,0.402,0.287,0.332,0.35,0.32,0.274,0.252,0.271,0.3,0.275,0.263,0.229,0.356,0.276,0.339,0.172,0.275,0.217,0.28,0.153
601,0.657,0.569,0.53,0.209,0.313,0.157,0.285,0.367,0.339,0.281,0.333,0.341,0.304,0.408,0.29,0.335,0.354,0.325,0.278,0.257,0.276,0.304,0.28,0.268,0.232,0.36,0.278,0.342,0.174,0.279,0.219,0.284,0.155
602,0.662,0.575,0.536,0.217,0.325,0.164,0.296,0.383,0.351,0.293,0.348,0.353,0.313,0.42,0.301,0.346,0.365,0.337,0.289,0.268,0.29,0.314,0.289,0.281,0.241,0.371,0.285,0.35,0.18,0.288,0.227,0.293,0.161
603,0.664,0.578,0.539,0.219,0.329,0.166,0.3,0.391,0.355,0.298,0.356,0.359,0.317,0.425,0.307,0.351,0.37,0.343,0.294,0.273,0.296,0.318,0.293,0.287,0.244,0.376,0.288,0.353,0.182,0.292,0.23,0.296,0.163
604,0.662,0.577,0.536,0.218,0.328,0.165,0.299,0.389,0.355,0.297,0.355,0.358,0.316,0.424,0.306,0.35,0.369,0.342,0.293,0.272,0.295,0.316,0.293,0.285,0.243,0.376,0.286,0.353,0.181,0.29,0.228,0.295,0.162
605,0.655,0.569,0.529,0.211,0.319,0.16,0.29,0.378,0.345,0.288,0.343,0.346,0.306,0.413,0.296,0.341,0.359,0.332,0.284,0.263,0.283,0.308,0.284,0.275,0.235,0.366,0.28,0.345,0.176,0.281,0.221,0.287,0.157
606,0.649,0.562,0.522,0.202,0.307,0.152,0.28,0.364,0.333,0.278,0.327,0.333,0.296,0.401,0.285,0.331,0.348,0.32,0.274,0.253,0.27,0.298,0.274,0.262,0.227,0.356,0.273,0.335,0.169,0.272,0.215,0.278,0.15
607,0.645,0.558,0.519,0.2,0.303,0.151,0.276,0.358,0.328,0.274,0.321,0.33,0.295,0.398,0.282,0.326,0.345,0.314,0.271,0.248,0.266,0.296,0.271,0.258,0.224,0.351,0.269,0.333,0.168,0.269,0.213,0.274,0.149
608,0.653,0.567,0.528,0.208,0.312,0.157,0.285,0.368,0.337,0.283,0.334,0.34,0.304,0.408,0.292,0.336,0.355,0.325,0.28,0.258,0.278,0.303,0.279,0.268,0.232,0.36,0.276,0.34,0.173,0.278,0.219,0.283,0.155
609,0.654,0.568,0.529,0.211,0.317,0.16,0.289,0.376,0.343,0.287,0.34,0.345,0.307,0.412,0.296,0.341,0.359,0.33,0.283,0.262,0.282,0.307,0.284,0.274,0.235,0.365,0.279,0.344,0.175,0.281,0.221,0.286,0.157
610,0.649,0.565,0.526,0.205,0.311,0.154,0.284,0.37,0.338,0.283,0.335,0.341,0.3,0.406,0.289,0.336,0.352,0.322,0.279,0.258,0.276,0.301,0.278,0.268,0.23,0.359,0.273,0.339,0.17,0.277,0.216,0.281,0.152
611,0.644,0.557,0.518,0.2,0.304,0.151,0.276,0.36,0.329,0.275,0.325,0.332,0.293,0.398,0.282,0.327,0.345,0.314,0.272,0.25,0.267,0.294,0.27,0.259,0.224,0.352,0.268,0.332,0.166,0.269,0.211,0.275,0.148
612,0.64,0.555,0.514,0.197,0.3,0.148,0.274,0.355,0.325,0.271,0.319,0.327,0.292,0.395,0.279,0.323,0.342,0.31,0.268,0.245,0.262,0.291,0.266,0.253,0.221,0.349,0.266,0.329,0.165,0.267,0.209,0.272,0.146
613,0.641,0.555,0.515,0.197,0.301,0.148,0.275,0.355,0.325,0.271,0.319,0.327,0.292,0.394,0.28,0.323,0.342,0.31,0.268,0.246,0.262,0.292,0.267,0.255,0.222,0.348,0.267,0.33,0.166,0.267,0.21,0.272,0.147
614,0.644,0.558,0.521,0.2,0.304,0.151,0.277,0.358,0.328,0.274,0.321,0.328,0.295,0.397,0.282,0.327,0.345,0.313,0.271,0.249,0.266,0.294,0.271,0.257,0.224,0.35,0.268,0.332,0.168,0.269,0.212,0.275,0.149
615,0.645,0.558,0.519,0.201,0.305,0.151,0.278,0.361,0.33,0.276,0.325,0.331,0.296,0.399,0.284,0.329,0.347,0.315,0.273,0.251,0.269,0.296,0.272,0.26,0.225,0.352,0.269,0.333,0.168,0.27,0.212,0.276,0.15
616,0.644,0.559,0.52,0.202,0.306,0.152,0.28,0.363,0.331,0.279,0.327,0.334,0.296,0.4,0.285,0.33,0.348,0.317,0.275,0.253,0.271,0.297,0.274,0.262,0.225,0.354,0.27,0.334,0.17,0.272,0.214,0.278,0.151
617,0.644,0.56,0.519,0.203,0.308,0.153,0.281,0.365,0.332,0.279,0.328,0.333,0.297,0.401,0.285,0.33,0.349,0.318,0.275,0.253,0.271,0.297,0.273,0.263,0.227,0.355,0.271,0.335,0.17,0.272,0.215,0.279,0.151
618,0.645,0.56,0.52,0.203,0.309,0.154,0.281,0.365,0.332,0.278,0.328,0.334,0.298,0.402,0.286,0.33,0.349,0.318,0.276,0.254,0.272,0.297,0.274,0.264,0.227,0.355,0.27,0.334,0.169,0.272,0.214,0.279,0.151
619,0.646,0.56,0.52,0.203,0.308,0.153,0.28,0.363,0.331,0.278,0.328,0.333,0.297,0.401,0.285,0.33,0.349,0.318,0.275,0.254,0.271,0.296,0.274,0.263,0.227,0.356,0.27,0.334,0.17,0.272,0.214,0.279,0.151
620,0.643,0.56,0.519,0.203,0.308,0.153,0.28,0.362,0.33,0.277,0.328,0.333,0.296,0.399,0.284,0.329,0.347,0.316,0.273,0.252,0.27,0.296,0.273,0.262,0.227,0.355,0.27,0.334,0.171,0.272,0.213,0.279,0.151
621,0.643,0.56,0.519,0.202,0.306,0.152,0.279,0.361,0.33,0.278,0.327,0.333,0.296,0.398,0.283,0.327,0.347,0.314,0.273,0.252,0.269,0.296,0.273,0.263,0.226,0.353,0.269,0.333,0.169,0.271,0.213,0.278,0.149
622,0.643,0.561,0.519,0.201,0.307,0.152,0.279,0.362,0.33,0.278,0.327,0.333,0.296,0.399,0.283,0.328,0.347,0.315,0.271,0.251,0.269,0.296,0.273,0.262,0.226,0.353,0.269,0.332,0.168,0.27,0.212,0.277,0.149
623,0.644,0.56,0.517,0.201,0.307,0.152,0.279,0.362,0.33,0.277,0.326,0.332,0.297,0.399,0.283,0.328,0.345,0.314,0.271,0.251,0.269,0.295,0.273,0.261,0.225,0.353,0.268,0.332,0.169,0.271,0.213,0.277,0.151
624,0.644,0.559,0.518,0.203,0.308,0.153,0.28,0.363,0.331,0.277,0.327,0.332,0.297,0.399,0.284,0.329,0.347,0.316,0.272,0.252,0.269,0.296,0.274,0.262,0.226,0.354,0.269,0.333,0.169,0.271,0.213,0.278,0.151
625,0.643,0.561,0.519,0.204,0.311,0.154,0.282,0.367,0.334,0.281,0.332,0.337,0.299,0.402,0.288,0.331,0.349,0.319,0.275,0.255,0.274,0.298,0.276,0.265,0.229,0.359,0.27,0.335,0.171,0.275,0.215,0.281,0.152
626,0.641,0.56,0.518,0.205,0.313,0.155,0.283,0.369,0.335,0.282,0.333,0.338,0.298,0.404,0.287,0.332,0.35,0.32,0.275,0.254,0.274,0.298,0.276,0.267,0.229,0.359,0.272,0.336,0.171,0.275,0.215,0.28,0.153
627,0.638,0.555,0.515,0.201,0.307,0.151,0.28,0.363,0.331,0.276,0.327,0.332,0.295,0.398,0.282,0.327,0.345,0.313,0.27,0.25,0.268,0.294,0.271,0.261,0.226,0.354,0.267,0.331,0.168,0.27,0.212,0.277,0.15
628,0.634,0.551,0.511,0.194,0.298,0.146,0.273,0.353,0.322,0.269,0.318,0.323,0.288,0.39,0.276,0.319,0.337,0.304,0.263,0.245,0.259,0.287,0.264,0.251,0.219,0.346,0.261,0.325,0.162,0.264,0.207,0.27,0.145
629,0.63,0.546,0.506,0.19,0.294,0.143,0.267,0.346,0.316,0.264,0.311,0.317,0.284,0.385,0.272,0.314,0.331,0.299,0.259,0.24,0.253,0.283,0.26,0.246,0.215,0.341,0.257,0.321,0.159,0.258,0.204,0.266,0.142
630,0.629,0.546,0.504,0.189,0.291,0.142,0.263,0.341,0.31,0.261,0.305,0.312,0.281,0.38,0.269,0.313,0.329,0.296,0.257,0.235,0.25,0.279,0.256,0.242,0.212,0.337,0.257,0.318,0.158,0.257,0.202,0.264,0.141
631,0.629,0.546,0.504,0.188,0.291,0.142,0.264,0.342,0.312,0.261,0.306,0.313,0.281,0.38,0.269,0.313,0.331,0.296,0.256,0.236,0.25,0.279,0.255,0.242,0.212,0.336,0.255,0.318,0.157,0.255,0.201,0.263,0.141
632,0.628,0.546,0.504,0.191,0.294,0.143,0.265,0.343,0.315,0.262,0.307,0.315,0.284,0.382,0.27,0.313,0.331,0.296,0.258,0.238,0.252,0.281,0.258,0.245,0.213,0.338,0.256,0.319,0.158,0.257,0.203,0.265,0.141
633,0.629,0.548,0.505,0.193,0.296,0.145,0.268,0.347,0.316,0.264,0.31,0.318,0.285,0.385,0.273,0.315,0.332,0.299,0.26,0.24,0.255,0.283,0.26,0.247,0.215,0.34,0.257,0.32,0.16,0.26,0.203,0.266,0.141
634,0.629,0.547,0.504,0.192,0.294,0.144,0.268,0.348,0.316,0.264,0.31,0.318,0.283,0.384,0.272,0.316,0.333,0.3,0.259,0.24,0.254,0.283,0.26,0.247,0.215,0.34,0.257,0.32,0.159,0.259,0.203,0.266,0.142
635,0.626,0.543,0.501,0.189,0.291,0.142,0.265,0.343,0.312,0.261,0.307,0.313,0.28,0.381,0.268,0.312,0.329,0.296,0.257,0.236,0.25,0.28,0.257,0.244,0.212,0.337,0.255,0.317,0.157,0.257,0.2,0.263,0.14
636,0.623,0.543,0.498,0.186,0.287,0.14,0.26,0.337,0.309,0.257,0.301,0.309,0.277,0.376,0.265,0.308,0.326,0.292,0.254,0.234,0.247,0.276,0.253,0.239,0.209,0.334,0.252,0.315,0.154,0.253,0.198,0.26,0.138
637,0.622,0.54,0.498,0.184,0.286,0.139,0.259,0.337,0.306,0.257,0.3,0.309,0.276,0.374,0.265,0.307,0.325,0.291,0.253,0.232,0.244,0.275,0.251,0.238,0.207,0.332,0.251,0.313,0.154,0.25,0.197,0.259,0.137
638,0.621,0.54,0.497,0.184,0.286,0.139,0.258,0.337,0.306,0.256,0.299,0.307,0.275,0.372,0.263,0.306,0.324,0.289,0.252,0.231,0.244,0.274,0.251,0.237,0.207,0.332,0.251,0.312,0.154,0.25,0.197,0.259,0.136
639,0.62,0.54,0.497,0.184,0.285,0.139,0.257,0.337,0.306,0.255,0.298,0.306,0.276,0.373,0.263,0.306,0.324,0.289,0.251,0.231,0.244,0.273,0.25,0.236,0.207,0.331,0.251,0.312,0.154,0.251,0.198,0.258,0.137
640,0.621,0.539,0.496,0.184,0.284,0.138,0.259,0.338,0.307,0.255,0.299,0.307,0.275,0.372,0.263,0.305,0.324,0.289,0.252,0.231,0.244,0.272,0.251,0.236,0.206,0.331,0.25,0.311,0.154,0.25,0.197,0.257,0.137
641,0.62,0.538,0.497,0.183,0.285,0.138,0.259,0.339,0.306,0.256,0.299,0.306,0.275,0.372,0.262,0.305,0.324,0.288,0.252,0.23,0.243,0.274,0.25,0.236,0.207,0.332,0.25,0.311,0.153,0.25,0.197,0.257,0.137
642,0.617,0.538,0.495,0.184,0.285,0.138,0.258,0.34,0.307,0.255,0.299,0.307,0.275,0.372,0.263,0.306,0.325,0.289,0.251,0.232,0.244,0.273,0.25,0.237,0.207,0.332,0.249,0.311,0.153,0.251,0.197,0.257,0.136
643,0.619,0.539,0.496,0.185,0.286,0.138,0.258,0.34,0.307,0.256,0.298,0.306,0.274,0.373,0.263,0.307,0.326,0.29,0.252,0.231,0.243,0.273,0.251,0.237,0.208,0.332,0.25,0.312,0.154,0.251,0.198,0.259,0.137
644,0.618,0.538,0.495,0.184,0.286,0.138,0.258,0.342,0.307,0.256,0.299,0.307,0.275,0.374,0.265,0.309,0.325,0.29,0.252,0.231,0.244,0.272,0.252,0.236,0.207,0.332,0.25,0.312,0.153,0.251,0.197,0.259,0.138
645,0.617,0.538,0.495,0.185,0.286,0.139,0.259,0.344,0.308,0.256,0.299,0.307,0.274,0.372,0.264,0.309,0.326,0.29,0.254,0.233,0.246,0.272,0.251,0.237,0.208,0.332,0.25,0.311,0.153,0.251,0.198,0.259,0.138
646,0.618,0.538,0.495,0.184,0.286,0.139,0.259,0.345,0.309,0.257,0.3,0.308,0.276,0.376,0.265,0.309,0.328,0.292,0.255,0.234,0.247,0.273,0.251,0.237,0.208,0.332,0.25,0.312,0.153,0.252,0.197,0.258,0.137
647,0.619,0.539,0.496,0.185,0.286,0.139,0.261,0.348,0.31,0.257,0.301,0.308,0.275,0.376,0.266,0.31,0.328,0.292,0.256,0.234,0.246,0.273,0.252,0.238,0.208,0.332,0.25,0.312,0.153,0.251,0.198,0.259,0.137
648,0.618,0.538,0.496,0.186,0.286,0.138,0.261,0.349,0.31,0.257,0.3,0.307,0.275,0.375,0.266,0.311,0.329,0.292,0.256,0.234,0.247,0.273,0.251,0.237,0.208,0.333,0.25,0.311,0.153,0.251,0.198,0.258,0.137
649,0.616,0.538,0.495,0.187,0.286,0.138,0.26,0.351,0.31,0.257,0.301,0.307,0.276,0.376,0.267,0.311,0.329,0.294,0.257,0.234,0.247,0.272,0.251,0.237,0.207,0.334,0.25,0.311,0.153,0.251,0.197,0.258,0.138
650,0.617,0.538,0.494,0.187,0.286,0.139,0.261,0.355,0.31,0.259,0.301,0.308,0.275,0.376,0.267,0.311,0.332,0.296,0.259,0.236,0.247,0.272,0.252,0.237,0.208,0.333,0.248,0.31,0.153,0.25,0.197,0.258,0.137
651,0.616,0.535,0.49,0.186,0.286,0.139,0.261,0.356,0.311,0.259,0.302,0.307,0.276,0.375,0.267,0.311,0.333,0.297,0.26,0.236,0.248,0.273,0.251,0.238,0.207,0.333,0.248,0.31,0.152,0.251,0.196,0.259,0.137
652,0.616,0.535,0.492,0.186,0.285,0.138,0.26,0.357,0.31,0.258,0.299,0.305,0.274,0.374,0.267,0.31,0.331,0.295,0.261,0.236,0.248,0.271,0.25,0.236,0.206,0.332,0.248,0.309,0.151,0.25,0.196,0.257,0.136
653,0.614,0.534,0.492,0.185,0.284,0.137,0.259,0.357,0.309,0.257,0.297,0.304,0.273,0.372,0.266,0.31,0.332,0.294,0.263,0.235,0.247,0.27,0.248,0.235,0.205,0.331,0.247,0.307,0.151,0.249,0.196,0.256,0.136
654,0.614,0.534,0.491,0.185,0.284,0.137,0.257,0.359,0.309,0.257,0.298,0.304,0.272,0.372,0.266,0.311,0.334,0.296,0.263,0.236,0.247,0.269,0.247,0.234,0.204,0.328,0.245,0.306,0.149,0.249,0.193,0.255,0.135
655,0.614,0.535,0.493,0.188,0.286,0.139,0.26,0.365,0.313,0.259,0.298,0.304,0.274,0.376,0.269,0.313,0.336,0.299,0.268,0.239,0.25,0.271,0.25,0.236,0.205,0.329,0.246,0.308,0.151,0.249,0.195,0.256,0.136
656,0.615,0.535,0.493,0.19,0.286,0.139,0.263,0.37,0.316,0.262,0.301,0.307,0.275,0.378,0.272,0.316,0.34,0.303,0.27,0.242,0.252,0.272,0.251,0.238,0.206,0.332,0.247,0.309,0.152,0.251,0.196,0.258,0.137
657,0.616,0.538,0.493,0.191,0.29,0.14,0.265,0.375,0.319,0.264,0.306,0.31,0.278,0.382,0.275,0.318,0.344,0.308,0.274,0.245,0.256,0.274,0.254,0.24,0.208,0.334,0.249,0.311,0.153,0.253,0.197,0.26,0.138
658,0.617,0.541,0.496,0.195,0.294,0.142,0.268,0.382,0.324,0.267,0.311,0.313,0.281,0.387,0.279,0.324,0.349,0.315,0.28,0.249,0.261,0.277,0.256,0.245,0.211,0.337,0.25,0.313,0.155,0.256,0.199,0.262,0.139
659,0.62,0.541,0.497,0.196,0.295,0.143,0.27,0.388,0.327,0.27,0.313,0.315,0.282,0.389,0.282,0.326,0.352,0.317,0.283,0.252,0.264,0.277,0.258,0.246,0.212,0.339,0.252,0.314,0.156,0.257,0.2,0.264,0.141
660,0.612,0.532,0.488,0.189,0.283,0.136,0.258,0.376,0.316,0.26,0.299,0.302,0.272,0.378,0.273,0.317,0.344,0.307,0.277,0.243,0.253,0.269,0.248,0.235,0.202,0.327,0.243,0.305,0.148,0.246,0.192,0.255,0.134
661,0.606,0.526,0.482,0.182,0.276,0.131,0.25,0.365,0.307,0.253,0.289,0.294,0.265,0.369,0.267,0.309,0.336,0.298,0.271,0.235,0.243,0.261,0.24,0.225,0.195,0.319,0.237,0.297,0.143,0.238,0.188,0.247,0.128
662,0.602,0.522,0.478,0.178,0.271,0.129,0.246,0.361,0.302,0.246,0.282,0.289,0.261,0.364,0.262,0.305,0.333,0.294,0.267,0.232,0.238,0.256,0.234,0.219,0.193,0.314,0.234,0.295,0.141,0.235,0.185,0.244,0.127
663,0.602,0.523,0.478,0.178,0.27,0.129,0.247,0.36,0.303,0.245,0.279,0.287,0.26,0.362,0.261,0.306,0.334,0.294,0.268,0.231,0.239,0.255,0.234,0.217,0.192,0.314,0.234,0.295,0.141,0.235,0.184,0.243,0.126
664,0.602,0.527,0.481,0.18,0.274,0.13,0.249,0.365,0.305,0.25,0.283,0.291,0.263,0.365,0.263,0.309,0.338,0.299,0.272,0.235,0.242,0.258,0.236,0.221,0.194,0.317,0.235,0.296,0.142,0.236,0.186,0.245,0.128
665,0.604,0.528,0.482,0.182,0.275,0.131,0.25,0.367,0.308,0.251,0.286,0.292,0.265,0.367,0.265,0.312,0.34,0.301,0.275,0.236,0.244,0.259,0.238,0.223,0.196,0.319,0.236,0.297,0.143,0.238,0.188,0.245,0.129
666,0.606,0.528,0.483,0.183,0.277,0.132,0.251,0.368,0.31,0.251,0.286,0.293,0.266,0.37,0.267,0.314,0.341,0.303,0.276,0.237,0.247,0.26,0.24,0.225,0.197,0.319,0.237,0.298,0.144,0.239,0.187,0.247,0.129
667,0.604,0.528,0.483,0.183,0.277,0.133,0.252,0.368,0.311,0.251,0.288,0.294,0.266,0.371,0.269,0.314,0.341,0.304,0.277,0.239,0.248,0.262,0.242,0.228,0.198,0.322,0.239,0.299,0.145,0.241,0.189,0.25,0.131
668,0.606,0.528,0.485,0.183,0.279,0.134,0.253,0.369,0.312,0.253,0.292,0.297,0.268,0.372,0.27,0.314,0.342,0.305,0.277,0.24,0.25,0.262,0.242,0.228,0.198,0.323,0.239,0.3,0.145,0.243,0.19,0.25,0.132
669,0.605,0.529,0.483,0.182,0.279,0.133,0.254,0.368,0.311,0.253,0.293,0.297,0.268,0.372,0.269,0.316,0.342,0.304,0.275,0.239,0.25,0.263,0.242,0.228,0.199,0.322,0.24,0.3,0.146,0.243,0.19,0.25,0.132
670,0.603,0.527,0.482,0.179,0.276,0.132,0.25,0.362,0.308,0.251,0.289,0.295,0.264,0.368,0.265,0.311,0.336,0.3,0.27,0.236,0.246,0.26,0.239,0.226,0.196,0.32,0.237,0.298,0.144,0.24,0.187,0.248,0.129
671,0.601,0.525,0.48,0.178,0.275,0.131,0.248,0.358,0.305,0.247,0.288,0.293,0.262,0.366,0.262,0.307,0.333,0.295,0.266,0.234,0.243,0.258,0.238,0.223,0.194,0.317,0.234,0.295,0.142,0.236,0.185,0.245,0.127
672,0.6,0.524,0.478,0.176,0.274,0.13,0.247,0.354,0.303,0.246,0.287,0.291,0.263,0.364,0.262,0.305,0.329,0.293,0.263,0.232,0.243,0.258,0.237,0.222,0.194,0.317,0.235,0.295,0.142,0.238,0.186,0.246,0.128
673,0.601,0.526,0.48,0.177,0.274,0.13,0.248,0.351,0.302,0.246,0.288,0.292,0.263,0.363,0.261,0.305,0.329,0.291,0.262,0.231,0.24,0.258,0.239,0.224,0.195,0.318,0.236,0.297,0.144,0.239,0.186,0.247,0.129
674,0.599,0.527,0.479,0.176,0.275,0.13,0.248,0.35,0.302,0.246,0.288,0.294,0.264,0.364,0.261,0.303,0.327,0.29,0.259,0.231,0.24,0.26,0.239,0.224,0.195,0.318,0.235,0.297,0.143,0.239,0.186,0.246,0.129
675,0.599,0.525,0.48,0.176,0.274,0.13,0.248,0.348,0.301,0.245,0.288,0.293,0.265,0.364,0.261,0.302,0.324,0.288,0.258,0.23,0.24,0.26,0.239,0.225,0.196,0.319,0.237,0.298,0.144,0.24,0.188,0.248,0.13
676,0.6,0.526,0.48,0.175,0.275,0.131,0.248,0.346,0.301,0.245,0.289,0.294,0.264,0.363,0.261,0.301,0.323,0.287,0.256,0.23,0.239,0.259,0.24,0.226,0.196,0.318,0.236,0.296,0.142,0.239,0.186,0.247,0.129
677,0.602,0.525,0.481,0.176,0.278,0.132,0.25,0.344,0.3,0.246,0.291,0.295,0.266,0.365,0.26,0.3,0.322,0.286,0.254,0.23,0.24,0.262,0.242,0.227,0.196,0.321,0.236,0.297,0.143,0.24,0.186,0.248,0.129
678,0.601,0.526,0.481,0.177,0.279,0.133,0.25,0.345,0.301,0.247,0.292,0.296,0.268,0.367,0.262,0.301,0.322,0.286,0.254,0.231,0.241,0.262,0.243,0.229,0.197,0.323,0.239,0.299,0.145,0.242,0.188,0.249,0.13
679,0.601,0.528,0.483,0.178,0.28,0.133,0.252,0.346,0.302,0.25,0.296,0.297,0.27,0.368,0.263,0.303,0.324,0.287,0.254,0.231,0.243,0.264,0.245,0.232,0.2,0.325,0.24,0.301,0.146,0.244,0.189,0.252,0.132
680,0.602,0.528,0.482,0.178,0.281,0.134,0.254,0.345,0.302,0.251,0.299,0.299,0.271,0.368,0.264,0.303,0.323,0.286,0.251,0.23,0.242,0.265,0.244,0.232,0.201,0.326,0.24,0.301,0.147,0.245,0.19,0.253,0.133
681,0.598,0.523,0.477,0.173,0.274,0.13,0.247,0.335,0.294,0.243,0.29,0.292,0.264,0.36,0.256,0.294,0.315,0.276,0.245,0.224,0.235,0.258,0.238,0.225,0.195,0.319,0.235,0.297,0.142,0.24,0.186,0.248,0.129
682,0.596,0.52,0.474,0.17,0.271,0.127,0.243,0.329,0.289,0.24,0.285,0.288,0.261,0.356,0.252,0.289,0.309,0.271,0.239,0.219,0.23,0.255,0.235,0.221,0.192,0.315,0.232,0.294,0.139,0.235,0.183,0.244,0.127
683,0.592,0.517,0.471,0.167,0.267,0.125,0.239,0.324,0.284,0.237,0.28,0.284,0.258,0.352,0.248,0.287,0.305,0.266,0.235,0.217,0.225,0.251,0.232,0.216,0.189,0.311,0.23,0.29,0.138,0.232,0.181,0.241,0.125
684,0.589,0.517,0.47,0.165,0.264,0.124,0.237,0.319,0.281,0.232,0.275,0.282,0.255,0.348,0.245,0.283,0.303,0.262,0.232,0.213,0.222,0.248,0.229,0.213,0.188,0.31,0.229,0.289,0.138,0.231,0.18,0.24,0.124
685,0.589,0.518,0.469,0.166,0.265,0.125,0.238,0.318,0.281,0.234,0.278,0.282,0.256,0.348,0.246,0.283,0.302,0.263,0.232,0.213,0.222,0.251,0.231,0.216,0.189,0.312,0.229,0.289,0.138,0.231,0.182,0.24,0.125
686,0.591,0.52,0.472,0.168,0.268,0.127,0.239,0.318,0.282,0.236,0.28,0.284,0.257,0.35,0.247,0.284,0.304,0.265,0.234,0.216,0.226,0.251,0.234,0.217,0.189,0.313,0.231,0.29,0.139,0.232,0.182,0.242,0.126
687,0.594,0.522,0.474,0.17,0.269,0.127,0.242,0.321,0.283,0.237,0.283,0.287,0.259,0.351,0.248,0.285,0.305,0.265,0.235,0.217,0.227,0.253,0.233,0.22,0.191,0.314,0.231,0.291,0.14,0.234,0.182,0.243,0.126
688,0.593,0.519,0.474,0.17,0.27,0.127,0.242,0.322,0.285,0.238,0.283,0.287,0.259,0.352,0.248,0.286,0.306,0.266,0.234,0.216,0.227,0.253,0.234,0.22,0.192,0.314,0.232,0.291,0.14,0.235,0.184,0.243,0.126
689,0.591,0.517,0.472,0.168,0.268,0.126,0.241,0.32,0.283,0.237,0.281,0.285,0.257,0.351,0.247,0.285,0.303,0.264,0.23,0.214,0.224,0.252,0.233,0.218,0.19,0.312,0.229,0.289,0.139,0.232,0.181,0.242,0.124
690,0.589,0.516,0.47,0.167,0.266,0.125,0.239,0.318,0.282,0.235,0.28,0.283,0.256,0.349,0.245,0.284,0.303,0.263,0.229,0.213,0.223,0.25,0.232,0.218,0.19,0.313,0.23,0.289,0.138,0.233,0.181,0.242,0.125
691,0.589,0.516,0.469,0.167,0.266,0.124,0.238,0.317,0.281,0.236,0.28,0.284,0.255,0.347,0.244,0.283,0.301,0.26,0.228,0.212,0.222,0.25,0.231,0.216,0.19,0.311,0.229,0.289,0.138,0.232,0.181,0.241,0.125
692,0.587,0.515,0.468,0.166,0.264,0.123,0.237,0.314,0.28,0.233,0.278,0.282,0.255,0.347,0.243,0.28,0.299,0.259,0.227,0.212,0.22,0.248,0.229,0.215,0.188,0.309,0.227,0.286,0.137,0.231,0.179,0.238,0.124
693,0.588,0.515,0.47,0.167,0.265,0.124,0.237,0.314,0.279,0.233,0.278,0.281,0.256,0.347,0.244,0.279,0.299,0.259,0.229,0.213,0.222,0.249,0.23,0.214,0.189,0.31,0.228,0.288,0.138,0.231,0.18,0.24,0.124
694,0.589,0.516,0.469,0.168,0.267,0.125,0.238,0.315,0.279,0.234,0.279,0.283,0.256,0.348,0.243,0.282,0.3,0.261,0.228,0.212,0.222,0.25,0.232,0.217,0.189,0.31,0.228,0.288,0.138,0.231,0.181,0.24,0.124
695,0.589,0.518,0.47,0.168,0.268,0.125,0.238,0.315,0.28,0.236,0.281,0.284,0.257,0.349,0.245,0.283,0.301,0.262,0.229,0.214,0.224,0.25,0.232,0.217,0.189,0.311,0.229,0.289,0.139,0.232,0.182,0.241,0.125
696,0.59,0.519,0.472,0.171,0.269,0.126,0.24,0.319,0.282,0.239,0.285,0.287,0.259,0.351,0.247,0.284,0.304,0.264,0.229,0.216,0.225,0.251,0.233,0.22,0.191,0.314,0.231,0.289,0.141,0.235,0.183,0.242,0.127
697,0.595,0.524,0.478,0.175,0.278,0.132,0.249,0.329,0.291,0.246,0.294,0.295,0.268,0.36,0.256,0.291,0.31,0.272,0.239,0.223,0.235,0.259,0.241,0.23,0.197,0.321,0.234,0.295,0.144,0.241,0.186,0.249,0.13
698,0.599,0.527,0.481,0.18,0.284,0.135,0.255,0.337,0.297,0.251,0.303,0.301,0.271,0.366,0.26,0.297,0.316,0.277,0.243,0.23,0.242,0.262,0.246,0.236,0.201,0.327,0.239,0.299,0.147,0.246,0.19,0.255,0.133
699,0.596,0.525,0.477,0.177,0.281,0.132,0.251,0.334,0.294,0.248,0.3,0.298,0.268,0.364,0.258,0.294,0.311,0.274,0.24,0.226,0.238,0.259,0.242,0.231,0.198,0.324,0.236,0.297,0.144,0.244,0.188,0.253,0.131
700,0.586,0.515,0.467,0.167,0.269,0.125,0.24,0.318,0.281,0.236,0.285,0.285,0.257,0.351,0.246,0.282,0.3,0.261,0.228,0.215,0.224,0.249,0.232,0.217,0.188,0.312,0.228,0.287,0.137,0.233,0.18,0.242,0.124
701,0.578,0.506,0.457,0.157,0.254,0.116,0.226,0.297,0.265,0.222,0.265,0.268,0.245,0.333,0.233,0.269,0.286,0.245,0.216,0.201,0.208,0.237,0.219,0.202,0.178,0.298,0.219,0.277,0.13,0.22,0.172,0.23,0.117
702,0.576,0.505,0.457,0.156,0.251,0.115,0.225,0.293,0.261,0.22,0.261,0.265,0.242,0.33,0.23,0.266,0.285,0.243,0.212,0.2,0.205,0.235,0.217,0.199,0.176,0.295,0.218,0.277,0.128,0.218,0.171,0.228,0.116
703,0.579,0.507,0.459,0.157,0.253,0.116,0.226,0.296,0.263,0.222,0.263,0.268,0.245,0.333,0.232,0.268,0.286,0.245,0.214,0.2,0.207,0.236,0.219,0.202,0.178,0.297,0.219,0.278,0.13,0.22,0.172,0.229,0.118
704,0.581,0.509,0.462,0.161,0.256,0.119,0.229,0.3,0.267,0.226,0.268,0.271,0.248,0.337,0.235,0.271,0.289,0.247,0.216,0.202,0.21,0.24,0.221,0.205,0.182,0.301,0.221,0.281,0.133,0.223,0.174,0.233,0.12
705,0.581,0.51,0.462,0.163,0.261,0.122,0.232,0.305,0.272,0.229,0.272,0.276,0.253,0.343,0.239,0.275,0.295,0.253,0.221,0.206,0.214,0.242,0.225,0.209,0.184,0.306,0.224,0.283,0.135,0.226,0.175,0.236,0.122
706,0.581,0.513,0.465,0.163,0.262,0.122,0.233,0.305,0.273,0.231,0.275,0.278,0.254,0.344,0.242,0.275,0.295,0.253,0.221,0.207,0.214,0.244,0.228,0.211,0.185,0.307,0.224,0.285,0.136,0.227,0.177,0.237,0.123
707,0.583,0.515,0.465,0.164,0.265,0.123,0.234,0.308,0.274,0.232,0.277,0.278,0.256,0.344,0.243,0.275,0.294,0.254,0.224,0.21,0.217,0.245,0.228,0.213,0.186,0.307,0.225,0.285,0.136,0.229,0.178,0.238,0.124
708,0.58,0.513,0.463,0.166,0.265,0.124,0.235,0.309,0.275,0.233,0.279,0.28,0.253,0.344,0.242,0.277,0.294,0.254,0.223,0.209,0.219,0.247,0.229,0.214,0.188,0.308,0.225,0.285,0.136,0.23,0.179,0.239,0.124
709,0.581,0.512,0.464,0.165,0.264,0.123,0.236,0.309,0.275,0.232,0.278,0.278,0.253,0.343,0.241,0.275,0.293,0.254,0.222,0.21,0.217,0.246,0.228,0.213,0.187,0.308,0.226,0.285,0.136,0.229,0.177,0.239,0.123
710,0.582,0.512,0.465,0.165,0.264,0.124,0.236,0.309,0.276,0.232,0.278,0.278,0.254,0.344,0.241,0.278,0.294,0.255,0.223,0.211,0.219,0.246,0.228,0.213,0.187,0.309,0.226,0.284,0.136,0.23,0.178,0.239,0.125
711,0.583,0.514,0.464,0.165,0.264,0.124,0.236,0.31,0.274,0.232,0.278,0.279,0.254,0.343,0.242,0.278,0.293,0.254,0.224,0.211,0.219,0.245,0.229,0.212,0.187,0.308,0.224,0.284,0.135,0.229,0.178,0.239,0.124
712,0.58,0.51,0.462,0.163,0.262,0.123,0.234,0.306,0.272,0.229,0.277,0.277,0.252,0.341,0.24,0.275,0.292,0.252,0.22,0.209,0.215,0.243,0.225,0.212,0.185,0.306,0.223,0.283,0.135,0.227,0.176,0.236,0.122
713,0.58,0.51,0.462,0.162,0.26,0.121,0.233,0.304,0.271,0.228,0.275,0.276,0.251,0.339,0.238,0.274,0.292,0.251,0.22,0.207,0.213,0.242,0.224,0.21,0.184,0.304,0.223,0.281,0.135,0.225,0.175,0.236,0.122
714,0.58,0.51,0.462,0.162,0.26,0.121,0.232,0.305,0.27,0.227,0.272,0.274,0.252,0.341,0.239,0.274,0.292,0.252,0.22,0.207,0.215,0.241,0.224,0.209,0.184,0.304,0.222,0.281,0.135,0.226,0.176,0.236,0.122
715,0.578,0.51,0.462,0.162,0.261,0.122,0.232,0.305,0.272,0.229,0.274,0.275,0.252,0.34,0.239,0.273,0.291,0.25,0.22,0.207,0.215,0.242,0.227,0.211,0.184,0.306,0.222,0.281,0.134,0.226,0.174,0.234,0.122
716,0.577,0.507,0.46,0.162,0.261,0.121,0.231,0.304,0.27,0.228,0.273,0.274,0.25,0.338,0.238,0.273,0.292,0.249,0.218,0.206,0.213,0.24,0.224,0.209,0.184,0.303,0.221,0.28,0.133,0.225,0.174,0.234,0.121
717,0.572,0.504,0.454,0.158,0.257,0.118,0.227,0.298,0.264,0.224,0.269,0.269,0.247,0.335,0.235,0.269,0.286,0.244,0.216,0.203,0.21,0.237,0.22,0.205,0.18,0.299,0.219,0.278,0.131,0.221,0.172,0.231,0.118
718,0.569,0.502,0.452,0.157,0.254,0.117,0.222,0.292,0.26,0.221,0.264,0.266,0.243,0.331,0.23,0.264,0.282,0.238,0.212,0.2,0.205,0.234,0.217,0.2,0.177,0.295,0.215,0.275,0.129,0.218,0.169,0.228,0.116
719,0.57,0.501,0.452,0.155,0.251,0.116,0.222,0.291,0.259,0.219,0.261,0.263,0.242,0.329,0.229,0.263,0.281,0.238,0.209,0.197,0.201,0.232,0.216,0.198,0.177,0.295,0.215,0.274,0.129,0.217,0.17,0.228,0.117
720,0.57,0.502,0.453,0.155,0.252,0.117,0.223,0.291,0.259,0.22,0.261,0.264,0.241,0.329,0.229,0.263,0.281,0.239,0.211,0.199,0.203,0.233,0.216,0.199,0.176,0.296,0.216,0.274,0.129,0.218,0.17,0.227,0.117
721,0.57,0.503,0.454,0.158,0.254,0.118,0.224,0.293,0.261,0.222,0.263,0.267,0.243,0.329,0.23,0.265,0.283,0.241,0.212,0.201,0.207,0.234,0.217,0.201,0.177,0.297,0.217,0.275,0.13,0.22,0.169,0.229,0.117
722,0.572,0.504,0.456,0.158,0.254,0.119,0.227,0.298,0.264,0.223,0.267,0.268,0.245,0.332,0.233,0.266,0.286,0.242,0.214,0.202,0.207,0.234,0.218,0.202,0.179,0.299,0.217,0.275,0.13,0.221,0.171,0.231,0.119
723,0.572,0.505,0.456,0.159,0.256,0.119,0.228,0.298,0.265,0.225,0.267,0.269,0.246,0.334,0.235,0.269,0.286,0.245,0.215,0.204,0.209,0.235,0.22,0.205,0.18,0.299,0.217,0.276,0.13,0.221,0.172,0.231,0.119
724,0.572,0.504,0.455,0.16,0.257,0.119,0.23,0.302,0.268,0.226,0.27,0.269,0.248,0.336,0.236,0.27,0.288,0.246,0.216,0.205,0.211,0.236,0.22,0.206,0.18,0.3,0.219,0.276,0.132,0.223,0.172,0.232,0.119
725,0.572,0.506,0.457,0.162,0.26,0.12,0.23,0.302,0.268,0.227,0.27,0.272,0.249,0.338,0.237,0.271,0.289,0.247,0.216,0.205,0.212,0.24,0.223,0.208,0.181,0.3,0.221,0.278,0.132,0.224,0.173,0.234,0.12
726,0.571,0.504,0.457,0.161,0.26,0.121,0.232,0.304,0.269,0.228,0.274,0.273,0.248,0.338,0.237,0.272,0.29,0.248,0.219,0.207,0.213,0.239,0.224,0.209,0.182,0.303,0.22,0.279,0.134,0.224,0.174,0.234,0.121
727,0.573,0.508,0.459,0.163,0.262,0.121,0.233,0.305,0.271,0.229,0.275,0.275,0.25,0.339,0.238,0.274,0.29,0.25,0.222,0.21,0.217,0.241,0.226,0.212,0.184,0.304,0.221,0.28,0.134,0.226,0.174,0.236,0.121
728,0.574,0.51,0.458,0.164,0.265,0.123,0.233,0.306,0.271,0.23,0.277,0.276,0.251,0.341,0.239,0.275,0.292,0.251,0.223,0.211,0.218,0.242,0.227,0.213,0.185,0.306,0.222,0.282,0.135,0.228,0.175,0.238,0.123
729,0.572,0.506,0.457,0.162,0.261,0.122,0.234,0.306,0.27,0.229,0.274,0.273,0.249,0.338,0.24,0.272,0.29,0.248,0.219,0.208,0.214,0.239,0.226,0.212,0.183,0.305,0.222,0.28,0.136,0.227,0.174,0.237,0.123
730,0.572,0.506,0.454,0.159,0.259,0.119,0.232,0.304,0.269,0.229,0.274,0.273,0.247,0.336,0.238,0.272,0.289,0.247,0.217,0.206,0.213,0.239,0.225,0.21,0.182,0.304,0.219,0.278,0.133,0.224,0.172,0.235,0.12
731,0.571,0.506,0.455,0.159,0.259,0.12,0.233,0.305,0.269,0.23,0.275,0.274,0.245,0.336,0.236,0.273,0.291,0.247,0.218,0.206,0.214,0.24,0.225,0.209,0.183,0.305,0.22,0.279,0.134,0.224,0.174,0.235,0.122
732,0.571,0.507,0.456,0.16,0.26,0.121,0.232,0.304,0.268,0.229,0.275,0.273,0.249,0.338,0.239,0.271,0.289,0.246,0.218,0.209,0.215,0.237,0.223,0.209,0.183,0.304,0.22,0.279,0.134,0.226,0.172,0.236,0.121
733,0.567,0.504,0.453,0.158,0.258,0.12,0.23,0.302,0.266,0.227,0.273,0.271,0.247,0.336,0.236,0.27,0.287,0.244,0.216,0.206,0.212,0.237,0.222,0.207,0.183,0.303,0.219,0.277,0.133,0.224,0.171,0.234,0.121
734,0.566,0.502,0.451,0.156,0.254,0.117,0.226,0.297,0.261,0.222,0.267,0.267,0.243,0.331,0.232,0.267,0.284,0.241,0.213,0.202,0.206,0.233,0.217,0.201,0.179,0.299,0.215,0.274,0.13,0.22,0.169,0.23,0.118
735,0.56,0.497,0.446,0.153,0.25,0.113,0.222,0.291,0.257,0.218,0.261,0.261,0.24,0.328,0.229,0.26,0.278,0.234,0.208,0.196,0.201,0.23,0.214,0.197,0.173,0.294,0.212,0.27,0.126,0.215,0.166,0.226,0.114
736,0.561,0.495,0.445,0.152,0.248,0.114,0.221,0.289,0.255,0.216,0.258,0.26,0.236,0.324,0.226,0.261,0.278,0.235,0.207,0.196,0.2,0.228,0.213,0.195,0.174,0.294,0.212,0.27,0.126,0.216,0.166,0.226,0.115
737,0.562,0.496,0.447,0.153,0.25,0.115,0.223,0.291,0.257,0.217,0.26,0.26,0.239,0.326,0.228,0.263,0.279,0.236,0.21,0.199,0.204,0.23,0.215,0.198,0.175,0.295,0.212,0.271,0.127,0.215,0.167,0.228,0.115
738,0.564,0.499,0.448,0.154,0.253,0.116,0.224,0.295,0.26,0.22,0.265,0.264,0.241,0.328,0.229,0.265,0.281,0.238,0.212,0.201,0.205,0.231,0.216,0.2,0.177,0.296,0.213,0.272,0.129,0.216,0.168,0.228,0.116
739,0.564,0.5,0.448,0.156,0.255,0.118,0.226,0.297,0.262,0.222,0.267,0.265,0.242,0.33,0.231,0.266,0.283,0.241,0.213,0.202,0.207,0.233,0.219,0.201,0.178,0.296,0.214,0.273,0.13,0.219,0.17,0.23,0.117
740,0.563,0.499,0.448,0.154,0.253,0.117,0.224,0.295,0.26,0.22,0.264,0.263,0.241,0.328,0.23,0.265,0.282,0.239,0.21,0.2,0.204,0.231,0.217,0.201,0.177,0.296,0.213,0.272,0.128,0.218,0.168,0.229,0.116
741,0.561,0.497,0.445,0.153,0.252,0.115,0.223,0.292,0.258,0.218,0.263,0.261,0.239,0.325,0.228,0.262,0.28,0.237,0.209,0.198,0.202,0.229,0.215,0.199,0.175,0.295,0.212,0.271,0.127,0.215,0.165,0.227,0.116
742,0.562,0.497,0.445,0.153,0.249,0.113,0.221,0.292,0.258,0.218,0.259,0.26,0.238,0.325,0.227,0.263,0.279,0.236,0.207,0.198,0.201,0.228,0.215,0.197,0.174,0.294,0.213,0.269,0.127,0.215,0.166,0.226,0.116
743,0.56,0.496,0.442,0.151,0.248,0.113,0.222,0.292,0.256,0.217,0.26,0.259,0.239,0.323,0.227,0.26,0.277,0.234,0.207,0.197,0.201,0.228,0.214,0.197,0.174,0.294,0.212,0.268,0.127,0.215,0.166,0.226,0.115
744,0.561,0.496,0.443,0.151,0.248,0.113,0.223,0.293,0.257,0.217,0.26,0.26,0.238,0.324,0.226,0.259,0.277,0.234,0.207,0.198,0.2,0.227,0.212,0.197,0.173,0.293,0.211,0.269,0.127,0.214,0.165,0.225,0.115
745,0.558,0.495,0.443,0.153,0.25,0.116,0.223,0.292,0.255,0.217,0.259,0.259,0.238,0.324,0.229,0.26,0.279,0.235,0.207,0.197,0.201,0.227,0.214,0.196,0.174,0.293,0.211,0.269,0.127,0.216,0.165,0.226,0.115
746,0.558,0.496,0.442,0.154,0.249,0.115,0.221,0.291,0.256,0.218,0.261,0.26,0.238,0.325,0.229,0.26,0.277,0.235,0.208,0.197,0.202,0.226,0.213,0.196,0.174,0.292,0.211,0.268,0.126,0.215,0.164,0.225,0.115
747,0.559,0.496,0.442,0.153,0.249,0.115,0.222,0.29,0.257,0.219,0.262,0.261,0.238,0.326,0.228,0.261,0.279,0.236,0.206,0.197,0.201,0.227,0.213,0.199,0.174,0.292,0.211,0.269,0.126,0.215,0.165,0.226,0.115
748,0.56,0.496,0.445,0.154,0.25,0.114,0.223,0.293,0.258,0.22,0.264,0.262,0.24,0.328,0.229,0.263,0.28,0.236,0.209,0.199,0.202,0.229,0.215,0.198,0.176,0.295,0.213,0.271,0.128,0.218,0.166,0.227,0.116
749,0.56,0.496,0.445,0.154,0.251,0.115,0.223,0.293,0.259,0.221,0.263,0.263,0.24,0.328,0.229,0.263,0.28,0.238,0.209,0.199,0.204,0.231,0.217,0.201,0.177,0.296,0.213,0.271,0.128,0.219,0.168,0.231,0.117
750,0.558,0.496,0.444,0.152,0.251,0.114,0.222,0.291,0.256,0.218,0.261,0.261,0.239,0.328,0.229,0.261,0.28,0.236,0.209,0.198,0.203,0.229,0.215,0.199,0.176,0.294,0.212,0.269,0.127,0.217,0.166,0.228,0.115